,0
0,"b'{""metadata"":{""dataVersion"":""2"",""matchId"":""KR_6636693202"",""participants"":[""iVWT9Lx8dloUI2REFuOoCj8PeMx04srOvuKx6DlE_xy5D_XLiH4ehU'"
1,"b'i1Hc57xXM2rSIg2iuKd1AEmg"",""abVu5BhWpbjjZfD_0Lw-pSm1HTMD8j27JqiNqzXJqeWPBHPaja6PX3YN5fpBf9nebY3aL3CC5N3n3A"",""5OunhlEcn2Do_SM4_Wy7'"
2,"b'vC2Y_BkJ4XWI6NlS0rWAS7Vs4sobcDqwOF9ndQr0lxtUbIZK0xGe6ntYog"",""EyfGkmll4_0IPcwwSmmbYUwKVNzCVZoroWMphU61gN_b9qICfyHZ_ukAel3My4C--Q5'"
3,"b'XsmUmJRZ7hA"",""OnndALDkG1ug3xqwCKg-hhdJs_yf_9oJK1tDD3vlYXUetclOqFLyXCiAKgY0Rl5x83d6coyC6kaYBg"",""GDdfp2hncnqVhE1vU6GEe1XPbXlfSchxt'"
4,"b'ajOvAYcULWnP2UaMCammfc8D1wFlj6cSlrkFKl3eDlhAQ"",""8gU_pNweRp6t5cFZdajxPLS3I7ypaBs2VvOQrHuoyjRAbXTM---xQlFL_Ktp5fXRoy3vBfhtfYrUVw"",'"
5,"b'""87X0H11x_FRlte9AWd6TyfcpBf6H8qmHgEN7WmTODY-a9fqkmPs22brH_pZbaQEuRe2tU9QQ-NXhMg"",""FTNzrsiLigz4F9ezDPOwQLia3qyyVeeZ3lEIOS15iVqDVI'"
6,"b'Ca58XE4kFSlweTeieqE9FunpcMlDI4CQ"",""iHvVTJFzVNfaas0kpjoQWXBYNEimzx3tlOSoUfrUjGT1fjE00t9NzXwaGClSmrHeqS7Y-gSLMA0yHQ""]},""info"":{""ga'"
7,"b'meCreation"":1691317163177,""gameDuration"":1634,""gameEndTimestamp"":1691318815429,""gameId"":6636693202,""gameMode"":""CLASSIC"",""gameNam'"
8,"b'e"":""teambuilder-match-6636693202"",""gameStartTimestamp"":1691317181234,""gameType"":""MATCHED_GAME"",""gameVersion"":""13.15.524.1760"",""m'"
9,"b'apId"":11,""participants"":[{""allInPings"":0,""assistMePings"":5,""assists"":9,""baitPings"":0,""baronKills"":0,""basicPings"":0,""bountyLevel""'"
10,"b':5,""challenges"":{""12AssistStreakCount"":0,""abilityUses"":473,""acesBefore15Minutes"":0,""alliedJungleMonsterKills"":0,""baronBuffGoldAd'"
11,"b'vantageOverThreshold"":1,""baronTakedowns"":1,""blastConeOppositeOpponentCount"":0,""bountyGold"":0,""buffsStolen"":0,""completeSupportQue'"
12,"b'stInTime"":0,""controlWardTimeCoverageInRiverOrEnemyHalf"":0.5870972992647865,""controlWardsPlaced"":6,""damagePerMinute"":600.08622245'"
13,"b'72103,""damageTakenOnTeamPercentage"":0.17257089535078704,""dancedWithRiftHerald"":0,""deathsByEnemyChamps"":0,""dodgeSkillShotsSmallWi'"
14,"b'ndow"":0,""doubleAces"":0,""dragonTakedowns"":2,""earliestBaron"":1522.2964536,""earliestDragonTakedown"":1112.5262513,""earlyLaningPhaseG'"
15,"b'oldExpAdvantage"":0,""effectiveHealAndShielding"":0,""elderDragonKillsWithOpposingSoul"":0,""elderDragonMultikills"":0,""enemyChampionIm'"
16,"b'mobilizations"":0,""enemyJungleMonsterKills"":0,""epicMonsterKillsNearEnemyJungler"":0,""epicMonsterKillsWithin30SecondsOfSpawn"":0,""ep'"
17,"b'icMonsterSteals"":0,""epicMonsterStolenWithoutSmite"":0,""firstTurretKilled"":1,""firstTurretKilledTime"":835.4123165999999,""flawlessAc'"
18,"b'es"":2,""fullTeamTakedown"":2,""gameLength"":1634.3969663999999,""getTakedownsInAllLanesEarlyJungleAsLaner"":0,""goldPerMinute"":477.7610'"
19,"b'7399412274,""hadOpenNexus"":0,""immobilizeAndKillWithAlly"":0,""initialBuffCount"":0,""initialCrabCount"":0,""jungleCsBefore10Minutes"":0,'"
20,"b'""junglerTakedownsNearDamagedEpicMonster"":0,""kTurretsDestroyedBeforePlatesFall"":1,""kda"":14,""killAfterHiddenWithAlly"":1,""killParti'"
21,"b'cipation"":0.4666666666666667,""killedChampTookFullTeamDamageSurvived"":0,""killingSprees"":1,""killsNearEnemyTurret"":2,""killsOnOtherL'"
22,"b'anesEarlyJungleAsLaner"":0,""killsOnRecentlyHealedByAramPack"":0,""killsUnderOwnTurret"":0,""killsWithHelpFromEpicMonster"":0,""knockEne'"
23,"b'myIntoTeamAndKill"":0,""landSkillShotsEarlyGame"":6,""laneMinionsFirst10Minutes"":96,""laningPhaseGoldExpAdvantage"":0,""legendaryCount""'"
24,"b':0,""lostAnInhibitor"":0,""maxCsAdvantageOnLaneOpponent"":84,""maxKillDeficit"":1,""maxLevelLeadLaneOpponent"":4,""mejaisFullStackInTime""'"
25,"b':0,""moreEnemyJungleThanOpponent"":0,""multiKillOneSpell"":0,""multiTurretRiftHeraldCount"":0,""multikills"":1,""multikillsAfterAggressiv'"
26,"b'eFlash"":1,""mythicItemUsed"":6665,""outerTurretExecutesBefore10Minutes"":0,""outnumberedKills"":0,""outnumberedNexusKill"":0,""perfectDra'"
27,"b'gonSoulsTaken"":1,""perfectGame"":0,""pickKillWithAlly"":10,""playedChampSelectPosition"":1,""poroExplosions"":0,""quickCleanse"":0,""quickF'"
28,"b'irstTurret"":0,""quickSoloKills"":0,""riftHeraldTakedowns"":0,""saveAllyFromDeath"":0,""scuttleCrabKills"":0,""shortestTimeToAceFromFirstT'"
29,"b'akedown"":30.075808399999914,""skillshotsDodged"":8,""skillshotsHit"":39,""snowballsHit"":0,""soloBaronKills"":0,""soloKills"":1,""stealthWa'"
30,"b'rdsPlaced"":4,""survivedSingleDigitHpCount"":0,""survivedThreeImmobilizesInFight"":4,""takedownOnFirstTurret"":1,""takedowns"":14,""takedo'"
31,"b'wnsAfterGainingLevelAdvantage"":0,""takedownsBeforeJungleMinionSpawn"":0,""takedownsFirstXMinutes"":0,""takedownsInAlcove"":0,""takedown'"
32,"b'sInEnemyFountain"":0,""teamBaronKills"":1,""teamDamagePercentage"":0.17191549715147164,""teamElderDragonKills"":0,""teamRiftHeraldKills""'"
33,"b':0,""tookLargeDamageSurvived"":0,""turretPlatesTaken"":4,""turretTakedowns"":6,""turretsTakenWithRiftHerald"":0,""twentyMinionsIn3Seconds'"
34,"b'Count"":11,""twoWardsOneSweeperCount"":0,""unseenRecalls"":0,""visionScoreAdvantageLaneOpponent"":-0.18827301263809204,""visionScorePerM'"
35,"b'inute"":1.0132844829801857,""wardTakedowns"":3,""wardTakedownsBefore20M"":3,""wardsGuarded"":0},""champExperience"":17092,""champLevel"":17'"
36,"b',""championId"":68,""championName"":""Rumble"",""championTransform"":0,""commandPings"":14,""consumablesPurchased"":8,""damageDealtToBuilding'"
37,"b's"":7416,""damageDealtToObjectives"":18787,""damageDealtToTurrets"":7416,""damageSelfMitigated"":19677,""dangerPings"":0,""deaths"":0,""dete'"
38,"b'ctorWardsPlaced"":6,""doubleKills"":1,""dragonKills"":0,""eligibleForProgression"":true,""enemyMissingPings"":1,""enemyVisionPings"":0,""fir'"
39,"b'stBloodAssist"":false,""firstBloodKill"":false,""firstTowerAssist"":false,""firstTowerKill"":false,""gameEndedInEarlySurrender"":false,""g'"
40,"b'ameEndedInSurrender"":false,""getBackPings"":5,""goldEarned"":13014,""goldSpent"":12850,""holdPings"":0,""individualPosition"":""TOP"",""inhib'"
41,"b'itorKills"":0,""inhibitorTakedowns"":1,""inhibitorsLost"":0,""item0"":2420,""item1"":4637,""item2"":1058,""item3"":3009,""item4"":3135,""item5"":'"
42,"b'6665,""item6"":3363,""itemsPurchased"":26,""killingSprees"":1,""kills"":5,""lane"":""TOP"",""largestCriticalStrike"":0,""largestKillingSpree"":5'"
43,"b',""largestMultiKill"":2,""longestTimeSpentLiving"":0,""magicDamageDealt"":140895,""magicDamageDealtToChampions"":15723,""magicDamageTaken'"
44,"b'"":8515,""needVisionPings"":0,""neutralMinionsKilled"":0,""nexusKills"":0,""nexusLost"":0,""nexusTakedowns"":1,""objectivesStolen"":0,""object'"
45,"b'ivesStolenAssists"":0,""onMyWayPings"":8,""participantId"":1,""pentaKills"":0,""perks"":{""statPerks"":{""defense"":5003,""flex"":5008,""offense'"
46,"b'"":5008},""styles"":[{""description"":""primaryStyle"",""selections"":[{""perk"":8229,""var1"":1254,""var2"":0,""var3"":0},{""perk"":8275,""var1"":8,'"
47,"b'""var2"":0,""var3"":0},{""perk"":8233,""var1"":17,""var2"":30,""var3"":0},{""perk"":8237,""var1"":619,""var2"":0,""var3"":0}],""style"":8200},{""descri'"
48,"b'ption"":""subStyle"",""selections"":[{""perk"":8473,""var1"":532,""var2"":0,""var3"":0},{""perk"":8242,""var1"":18,""var2"":0,""var3"":0}],""style"":84'"
49,"b'00}]},""physicalDamageDealt"":17078,""physicalDamageDealtToChampions"":622,""physicalDamageTaken"":9138,""placement"":0,""playerAugment1""'"
50,"b':0,""playerAugment2"":0,""playerAugment3"":0,""playerAugment4"":0,""playerSubteamId"":0,""profileIcon"":5935,""pushPings"":0,""puuid"":""iVWT9L'"
51,"b'x8dloUI2REFuOoCj8PeMx04srOvuKx6DlE_xy5D_XLiH4ehUi1Hc57xXM2rSIg2iuKd1AEmg"",""quadraKills"":0,""riotIdName"":"""",""riotIdTagline"":"""",""ro'"
52,"b'le"":""SOLO"",""sightWardsBoughtInGame"":0,""spell1Casts"":139,""spell2Casts"":170,""spell3Casts"":157,""spell4Casts"":7,""subteamPlacement"":0'"
53,"b',""summoner1Casts"":5,""summoner1Id"":12,""summoner2Casts"":3,""summoner2Id"":4,""summonerId"":""HzTKyvmieb29HZ7WkFVrl8aRz8_00hHqX85WboLoyq'"
54,"b'hECW8"",""summonerLevel"":547,""summonerName"":""\xec\xb4\x88\xec\xbd\x9c\xeb\xa6\xbf \xeb\x8d\x98\xec\xa7\x80\xea\xb8\xb0"",""teamEarlySurrendered"":false,""teamId"":100,""teamPosition"":""TOP"",""'"
55,"b'timeCCingOthers"":14,""timePlayed"":1634,""totalAllyJungleMinionsKilled"":0,""totalDamageDealt"":160641,""totalDamageDealtToChampions"":1'"
56,"b'6346,""totalDamageShieldedOnTeammates"":0,""totalDamageTaken"":17919,""totalEnemyJungleMinionsKilled"":0,""totalHeal"":5122,""totalHealsO'"
57,"b'nTeammates"":0,""totalMinionsKilled"":239,""totalTimeCCDealt"":278,""totalTimeSpentDead"":0,""totalUnitsHealed"":1,""tripleKills"":0,""trueD'"
58,"b'amageDealt"":2668,""trueDamageDealtToChampions"":0,""trueDamageTaken"":264,""turretKills"":3,""turretTakedowns"":6,""turretsLost"":5,""unrea'"
59,"b'lKills"":0,""visionClearedPings"":0,""visionScore"":27,""visionWardsBoughtInGame"":6,""wardsKilled"":3,""wardsPlaced"":15,""win"":true},{""all'"
60,"b'InPings"":0,""assistMePings"":25,""assists"":17,""baitPings"":0,""baronKills"":1,""basicPings"":0,""bountyLevel"":7,""challenges"":{""12AssistSt'"
61,"b'reakCount"":0,""abilityUses"":359,""acesBefore15Minutes"":0,""alliedJungleMonsterKills"":89,""baronBuffGoldAdvantageOverThreshold"":1,""ba'"
62,"b'ronTakedowns"":1,""blastConeOppositeOpponentCount"":0,""bountyGold"":450,""buffsStolen"":0,""completeSupportQuestInTime"":0,""controlWardT'"
63,"b'imeCoverageInRiverOrEnemyHalf"":0.354542410144307,""controlWardsPlaced"":4,""damagePerMinute"":761.9098840276703,""damageTakenOnTeamPe'"
64,"b'rcentage"":0.2955527063439808,""dancedWithRiftHerald"":0,""deathsByEnemyChamps"":2,""dodgeSkillShotsSmallWindow"":8,""doubleAces"":0,""dra'"
65,"b'gonTakedowns"":4,""earliestBaron"":1522.2964536,""earliestDragonTakedown"":405.85003889999996,""earlyLaningPhaseGoldExpAdvantage"":0,""e'"
66,"b'ffectiveHealAndShielding"":0,""elderDragonKillsWithOpposingSoul"":0,""elderDragonMultikills"":0,""enemyChampionImmobilizations"":12,""en'"
67,"b'emyJungleMonsterKills"":0,""epicMonsterKillsNearEnemyJungler"":0,""epicMonsterKillsWithin30SecondsOfSpawn"":1,""epicMonsterSteals"":0,""'"
68,"b'epicMonsterStolenWithoutSmite"":0,""firstTurretKilled"":1,""firstTurretKilledTime"":835.4123165999999,""flawlessAces"":2,""fullTeamTaked'"
69,"b'own"":2,""gameLength"":1634.3969663999999,""goldPerMinute"":462.08477895122707,""hadOpenNexus"":0,""immobilizeAndKillWithAlly"":10,""initi'"
70,"b'alBuffCount"":2,""initialCrabCount"":1,""jungleCsBefore10Minutes"":56.000000059604645,""junglerKillsEarlyJungle"":0,""junglerTakedownsNe'"
71,"b'arDamagedEpicMonster"":0,""kTurretsDestroyedBeforePlatesFall"":0,""kda"":12.5,""killAfterHiddenWithAlly"":0,""killParticipation"":0.83333'"
72,"b'33333333334,""killedChampTookFullTeamDamageSurvived"":0,""killingSprees"":1,""killsNearEnemyTurret"":1,""killsOnLanersEarlyJungleAsJung'"
73,"b'ler"":1,""killsOnRecentlyHealedByAramPack"":0,""killsUnderOwnTurret"":0,""killsWithHelpFromEpicMonster"":1,""knockEnemyIntoTeamAndKill"":'"
74,"b'0,""landSkillShotsEarlyGame"":0,""laneMinionsFirst10Minutes"":1,""laningPhaseGoldExpAdvantage"":0,""legendaryCount"":0,""lostAnInhibitor""'"
75,"b':0,""maxCsAdvantageOnLaneOpponent"":5.000000029802322,""maxKillDeficit"":1,""maxLevelLeadLaneOpponent"":2,""mejaisFullStackInTime"":0,""m'"
76,"b'oreEnemyJungleThanOpponent"":-63.50000008940697,""multiKillOneSpell"":0,""multiTurretRiftHeraldCount"":0,""multikills"":2,""multikillsAf'"
77,"b'terAggressiveFlash"":0,""mythicItemUsed"":6630,""outerTurretExecutesBefore10Minutes"":0,""outnumberedKills"":1,""outnumberedNexusKill"":0'"
78,"b',""perfectDragonSoulsTaken"":1,""perfectGame"":0,""pickKillWithAlly"":19,""playedChampSelectPosition"":1,""poroExplosions"":0,""quickCleans'"
79,"b'e"":0,""quickFirstTurret"":0,""quickSoloKills"":0,""riftHeraldTakedowns"":0,""saveAllyFromDeath"":0,""scuttleCrabKills"":4,""shortestTimeToA'"
80,"b'ceFromFirstTakedown"":11.555048500000112,""skillshotsDodged"":44,""skillshotsHit"":0,""snowballsHit"":0,""soloBaronKills"":0,""soloKills"":'"
81,"b'0,""stealthWardsPlaced"":0,""survivedSingleDigitHpCount"":1,""survivedThreeImmobilizesInFight"":4,""takedownOnFirstTurret"":0,""takedowns'"
82,"b'"":25,""takedownsAfterGainingLevelAdvantage"":0,""takedownsBeforeJungleMinionSpawn"":0,""takedownsFirstXMinutes"":4,""takedownsInAlcove""'"
83,"b':1,""takedownsInEnemyFountain"":0,""teamBaronKills"":1,""teamDamagePercentage"":0.21827549374636238,""teamElderDragonKills"":0,""teamRift'"
84,"b'HeraldKills"":0,""tookLargeDamageSurvived"":0,""turretPlatesTaken"":0,""turretTakedowns"":4,""turretsTakenWithRiftHerald"":0,""twentyMinio'"
85,"b'nsIn3SecondsCount"":0,""twoWardsOneSweeperCount"":0,""unseenRecalls"":0,""visionScoreAdvantageLaneOpponent"":-0.27455198764801025,""visi'"
86,"b'onScorePerMinute"":0.9427992777134326,""wardTakedowns"":4,""wardTakedownsBefore20M"":3,""wardsGuarded"":0},""champExperience"":14744,""cha'"
87,"b'mpLevel"":16,""championId"":59,""championName"":""JarvanIV"",""championTransform"":0,""commandPings"":4,""consumablesPurchased"":7,""damageDea'"
88,"b'ltToBuildings"":828,""damageDealtToObjectives"":40306,""damageDealtToTurrets"":828,""damageSelfMitigated"":40031,""dangerPings"":0,""death'"
89,"b's"":2,""detectorWardsPlaced"":5,""doubleKills"":1,""dragonKills"":3,""eligibleForProgression"":true,""enemyMissingPings"":14,""enemyVisionPi'"
90,"b'ngs"":0,""firstBloodAssist"":false,""firstBloodKill"":false,""firstTowerAssist"":false,""firstTowerKill"":false,""gameEndedInEarlySurrende'"
91,"b'r"":false,""gameEndedInSurrender"":false,""getBackPings"":16,""goldEarned"":12587,""goldSpent"":11200,""holdPings"":0,""individualPosition"":'"
92,"b'""JUNGLE"",""inhibitorKills"":0,""inhibitorTakedowns"":1,""inhibitorsLost"":0,""item0"":3161,""item1"":6630,""item2"":2055,""item3"":3158,""item4'"
93,"b'"":3071,""item5"":0,""item6"":3364,""itemsPurchased"":23,""killingSprees"":1,""kills"":8,""lane"":""JUNGLE"",""largestCriticalStrike"":0,""largest'"
94,"b'KillingSpree"":7,""largestMultiKill"":3,""longestTimeSpentLiving"":435,""magicDamageDealt"":17885,""magicDamageDealtToChampions"":822,""ma'"
95,"b'gicDamageTaken"":11414,""needVisionPings"":0,""neutralMinionsKilled"":158,""nexusKills"":0,""nexusLost"":0,""nexusTakedowns"":1,""objectives'"
96,"b'Stolen"":0,""objectivesStolenAssists"":0,""onMyWayPings"":30,""participantId"":2,""pentaKills"":0,""perks"":{""statPerks"":{""defense"":5002,""f'"
97,"b'lex"":5008,""offense"":5005},""styles"":[{""description"":""primaryStyle"",""selections"":[{""perk"":8010,""var1"":716,""var2"":0,""var3"":0},{""per'"
98,"b'k"":9111,""var1"":2498,""var2"":500,""var3"":0},{""perk"":9104,""var1"":12,""var2"":20,""var3"":0},{""perk"":8299,""var1"":654,""var2"":0,""var3"":0}],'"
99,"b'""style"":8000},{""description"":""subStyle"",""selections"":[{""perk"":8304,""var1"":9,""var2"":4,""var3"":5},{""perk"":8347,""var1"":0,""var2"":0,""v'"
100,"b'ar3"":0}],""style"":8300}]},""physicalDamageDealt"":172090,""physicalDamageDealtToChampions"":18617,""physicalDamageTaken"":19057,""placem'"
101,"b'ent"":0,""playerAugment1"":0,""playerAugment2"":0,""playerAugment3"":0,""playerAugment4"":0,""playerSubteamId"":0,""profileIcon"":5933,""pushP'"
102,"b'ings"":1,""puuid"":""abVu5BhWpbjjZfD_0Lw-pSm1HTMD8j27JqiNqzXJqeWPBHPaja6PX3YN5fpBf9nebY3aL3CC5N3n3A"",""quadraKills"":0,""riotIdName"":""""'"
103,"b',""riotIdTagline"":"""",""role"":""NONE"",""sightWardsBoughtInGame"":0,""spell1Casts"":137,""spell2Casts"":90,""spell3Casts"":118,""spell4Casts"":'"
104,"b'14,""subteamPlacement"":0,""summoner1Casts"":20,""summoner1Id"":11,""summoner2Casts"":5,""summoner2Id"":4,""summonerId"":""7pr7yyg8p1kc_iRKAu'"
105,"b'Q-YsqKwfnt8M4VWrF4O62JFJ3MPaI"",""summonerLevel"":282,""summonerName"":""\xeb\xb0\xb0\xeb\xb6\x88\xeb\x9a\x9d\xec\x9d\xb4 \xed\x98\x84\xec\x9d\xb4"",""teamEarlySurrendered"":false,""teamId"":10'"
106,"b'0,""teamPosition"":""JUNGLE"",""timeCCingOthers"":25,""timePlayed"":1634,""totalAllyJungleMinionsKilled"":117,""totalDamageDealt"":233481,""t'"
107,"b'otalDamageDealtToChampions"":20754,""totalDamageShieldedOnTeammates"":0,""totalDamageTaken"":30689,""totalEnemyJungleMinionsKilled"":0,'"
108,"b'""totalHeal"":19411,""totalHealsOnTeammates"":0,""totalMinionsKilled"":19,""totalTimeCCDealt"":631,""totalTimeSpentDead"":30,""totalUnitsHe'"
109,"b'aled"":1,""tripleKills"":1,""trueDamageDealt"":43505,""trueDamageDealtToChampions"":1314,""trueDamageTaken"":217,""turretKills"":0,""turretT'"
110,"b'akedowns"":4,""turretsLost"":5,""unrealKills"":0,""visionClearedPings"":0,""visionScore"":25,""visionWardsBoughtInGame"":6,""wardsKilled"":4,'"
111,"b'""wardsPlaced"":5,""win"":true},{""allInPings"":0,""assistMePings"":0,""assists"":7,""baitPings"":0,""baronKills"":0,""basicPings"":0,""bountyLev'"
112,"b'el"":5,""challenges"":{""12AssistStreakCount"":0,""abilityUses"":142,""acesBefore15Minutes"":0,""alliedJungleMonsterKills"":0,""baronBuffGol'"
113,"b'dAdvantageOverThreshold"":1,""baronTakedowns"":0,""blastConeOppositeOpponentCount"":0,""bountyGold"":0,""buffsStolen"":0,""completeSupport'"
114,"b'QuestInTime"":0,""controlWardTimeCoverageInRiverOrEnemyHalf"":0.497217701945436,""controlWardsPlaced"":3,""damagePerMinute"":825.961102'"
115,"b'5135223,""damageTakenOnTeamPercentage"":0.2113381211498848,""dancedWithRiftHerald"":0,""deathsByEnemyChamps"":6,""dodgeSkillShotsSmallW'"
116,"b'indow"":4,""doubleAces"":0,""dragonTakedowns"":1,""earliestBaron"":1522.2964536,""earliestDragonTakedown"":405.85003889999996,""earlyLanin'"
117,"b'gPhaseGoldExpAdvantage"":0,""effectiveHealAndShielding"":0,""elderDragonKillsWithOpposingSoul"":0,""elderDragonMultikills"":0,""enemyCha'"
118,"b'mpionImmobilizations"":0,""enemyJungleMonsterKills"":2,""epicMonsterKillsNearEnemyJungler"":0,""epicMonsterKillsWithin30SecondsOfSpawn'"
119,"b'"":0,""epicMonsterSteals"":0,""epicMonsterStolenWithoutSmite"":0,""firstTurretKilled"":1,""firstTurretKilledTime"":835.4123165999999,""fla'"
120,"b'wlessAces"":2,""fullTeamTakedown"":2,""gameLength"":1634.3969663999999,""getTakedownsInAllLanesEarlyJungleAsLaner"":0,""goldPerMinute"":4'"
121,"b'30.86849200480754,""hadOpenNexus"":0,""immobilizeAndKillWithAlly"":0,""initialBuffCount"":0,""initialCrabCount"":0,""jungleCsBefore10Minu'"
122,"b'tes"":0,""junglerTakedownsNearDamagedEpicMonster"":0,""kTurretsDestroyedBeforePlatesFall"":0,""kda"":2.6666666666666665,""killAfterHidde'"
123,"b'nWithAlly"":0,""killParticipation"":0.5333333333333333,""killedChampTookFullTeamDamageSurvived"":0,""killingSprees"":1,""killsNearEnemyT'"
124,"b'urret"":3,""killsOnOtherLanesEarlyJungleAsLaner"":0,""killsOnRecentlyHealedByAramPack"":0,""killsUnderOwnTurret"":0,""killsWithHelpFromE'"
125,"b'picMonster"":0,""knockEnemyIntoTeamAndKill"":0,""landSkillShotsEarlyGame"":1,""laneMinionsFirst10Minutes"":68,""laningPhaseGoldExpAdvant'"
126,"b'age"":0,""legendaryCount"":0,""lostAnInhibitor"":0,""maxCsAdvantageOnLaneOpponent"":8,""maxKillDeficit"":1,""maxLevelLeadLaneOpponent"":1,""'"
127,"b'mejaisFullStackInTime"":0,""moreEnemyJungleThanOpponent"":0,""multiKillOneSpell"":0,""multiTurretRiftHeraldCount"":0,""multikills"":3,""mu'"
128,"b'ltikillsAfterAggressiveFlash"":1,""outerTurretExecutesBefore10Minutes"":0,""outnumberedKills"":2,""outnumberedNexusKill"":0,""perfectDra'"
129,"b'gonSoulsTaken"":1,""perfectGame"":0,""pickKillWithAlly"":10,""playedChampSelectPosition"":1,""poroExplosions"":0,""quickCleanse"":0,""quickF'"
130,"b'irstTurret"":0,""quickSoloKills"":0,""riftHeraldTakedowns"":0,""saveAllyFromDeath"":0,""scuttleCrabKills"":0,""shortestTimeToAceFromFirstT'"
131,"b'akedown"":11.555048500000112,""skillshotsDodged"":27,""skillshotsHit"":5,""snowballsHit"":0,""soloBaronKills"":0,""soloKills"":0,""stealthWa'"
132,"b'rdsPlaced"":3,""survivedSingleDigitHpCount"":1,""survivedThreeImmobilizesInFight"":2,""takedownOnFirstTurret"":0,""takedowns"":16,""takedo'"
133,"b'wnsAfterGainingLevelAdvantage"":0,""takedownsBeforeJungleMinionSpawn"":0,""takedownsFirstXMinutes"":1,""takedownsInAlcove"":0,""takedown'"
134,"b'sInEnemyFountain"":0,""teamBaronKills"":1,""teamDamagePercentage"":0.2366251852691301,""teamElderDragonKills"":0,""teamRiftHeraldKills"":'"
135,"b'0,""teleportTakedowns"":1,""tookLargeDamageSurvived"":0,""turretPlatesTaken"":0,""turretTakedowns"":4,""turretsTakenWithRiftHerald"":0,""tw'"
136,"b'entyMinionsIn3SecondsCount"":8,""twoWardsOneSweeperCount"":0,""unseenRecalls"":0,""visionScoreAdvantageLaneOpponent"":-0.38311135768890'"
137,"b'38,""visionScorePerMinute"":0.685182938514842,""wardTakedowns"":4,""wardTakedownsBefore20M"":4,""wardsGuarded"":0},""champExperience"":130'"
138,"b'03,""champLevel"":14,""championId"":55,""championName"":""Katarina"",""championTransform"":0,""commandPings"":7,""consumablesPurchased"":3,""da'"
139,"b'mageDealtToBuildings"":4056,""damageDealtToObjectives"":5418,""damageDealtToTurrets"":4056,""damageSelfMitigated"":12964,""dangerPings"":'"
140,"b'0,""deaths"":6,""detectorWardsPlaced"":3,""doubleKills"":2,""dragonKills"":0,""eligibleForProgression"":true,""enemyMissingPings"":22,""enemy'"
141,"b'VisionPings"":12,""firstBloodAssist"":false,""firstBloodKill"":false,""firstTowerAssist"":false,""firstTowerKill"":false,""gameEndedInEarl'"
142,"b'ySurrender"":false,""gameEndedInSurrender"":false,""getBackPings"":10,""goldEarned"":11736,""goldSpent"":10525,""holdPings"":0,""individualP'"
143,"b'osition"":""MIDDLE"",""inhibitorKills"":0,""inhibitorTakedowns"":1,""inhibitorsLost"":0,""item0"":0,""item1"":3152,""item2"":4630,""item3"":1026,'"
144,"b'""item4"":3115,""item5"":3020,""item6"":3364,""itemsPurchased"":23,""killingSprees"":2,""kills"":9,""lane"":""MIDDLE"",""largestCriticalStrike"":0'"
145,"b',""largestKillingSpree"":5,""largestMultiKill"":3,""longestTimeSpentLiving"":579,""magicDamageDealt"":120142,""magicDamageDealtToChampion'"
146,"b's"":20702,""magicDamageTaken"":10399,""needVisionPings"":2,""neutralMinionsKilled"":0,""nexusKills"":0,""nexusLost"":0,""nexusTakedowns"":1,""'"
147,"b'objectivesStolen"":0,""objectivesStolenAssists"":0,""onMyWayPings"":18,""participantId"":3,""pentaKills"":0,""perks"":{""statPerks"":{""defens'"
148,"b'e"":5003,""flex"":5008,""offense"":5008},""styles"":[{""description"":""primaryStyle"",""selections"":[{""perk"":8010,""var1"":1009,""var2"":0,""var'"
149,"b'3"":0},{""perk"":9111,""var1"":1146,""var2"":320,""var3"":0},{""perk"":9105,""var1"":17,""var2"":30,""var3"":0},{""perk"":8014,""var1"":736,""var2"":0,'"
150,"b'""var3"":0}],""style"":8000},{""description"":""subStyle"",""selections"":[{""perk"":8143,""var1"":1345,""var2"":0,""var3"":0},{""perk"":8105,""var1""'"
151,"b':13,""var2"":5,""var3"":0}],""style"":8100}]},""physicalDamageDealt"":9048,""physicalDamageDealtToChampions"":1773,""physicalDamageTaken"":1'"
152,"b'1201,""placement"":0,""playerAugment1"":0,""playerAugment2"":0,""playerAugment3"":0,""playerAugment4"":0,""playerSubteamId"":0,""profileIcon""'"
153,"b':5449,""pushPings"":0,""puuid"":""5OunhlEcn2Do_SM4_Wy7vC2Y_BkJ4XWI6NlS0rWAS7Vs4sobcDqwOF9ndQr0lxtUbIZK0xGe6ntYog"",""quadraKills"":0,""ri'"
154,"b'otIdName"":"""",""riotIdTagline"":"""",""role"":""SOLO"",""sightWardsBoughtInGame"":0,""spell1Casts"":71,""spell2Casts"":58,""spell3Casts"":0,""spel'"
155,"b'l4Casts"":13,""subteamPlacement"":0,""summoner1Casts"":4,""summoner1Id"":12,""summoner2Casts"":5,""summoner2Id"":4,""summonerId"":""SFOvUuTxag'"
156,"b'QFgq8sEp8xgWjCHLknKT8EA-8SgMMP2u_eKLYVzCmsZanaKg"",""summonerLevel"":83,""summonerName"":""Minamiyume"",""teamEarlySurrendered"":false,""t'"
157,"b'eamId"":100,""teamPosition"":""MIDDLE"",""timeCCingOthers"":1,""timePlayed"":1634,""totalAllyJungleMinionsKilled"":0,""totalDamageDealt"":131'"
158,"b'615,""totalDamageDealtToChampions"":22499,""totalDamageShieldedOnTeammates"":0,""totalDamageTaken"":21944,""totalEnemyJungleMinionsKill'"
159,"b'ed"":0,""totalHeal"":4040,""totalHealsOnTeammates"":0,""totalMinionsKilled"":185,""totalTimeCCDealt"":28,""totalTimeSpentDead"":204,""totalU'"
160,"b'nitsHealed"":1,""tripleKills"":1,""trueDamageDealt"":2424,""trueDamageDealtToChampions"":23,""trueDamageTaken"":344,""turretKills"":2,""turr'"
161,"b'etTakedowns"":4,""turretsLost"":5,""unrealKills"":0,""visionClearedPings"":0,""visionScore"":18,""visionWardsBoughtInGame"":3,""wardsKilled""'"
162,"b':4,""wardsPlaced"":6,""win"":true},{""allInPings"":0,""assistMePings"":0,""assists"":12,""baitPings"":0,""baronKills"":0,""basicPings"":0,""bount'"
163,"b'yLevel"":2,""challenges"":{""12AssistStreakCount"":0,""abilityUses"":140,""acesBefore15Minutes"":0,""alliedJungleMonsterKills"":0,""baronBuf'"
164,"b'fGoldAdvantageOverThreshold"":1,""baronTakedowns"":1,""blastConeOppositeOpponentCount"":0,""bountyGold"":0,""buffsStolen"":0,""completeSup'"
165,"b'portQuestInTime"":0,""controlWardTimeCoverageInRiverOrEnemyHalf"":0.3646393450623575,""controlWardsPlaced"":4,""damagePerMinute"":1015.'"
166,"b'2556185783436,""damageTakenOnTeamPercentage"":0.1361495447975404,""dancedWithRiftHerald"":0,""deathsByEnemyChamps"":5,""dodgeSkillShots'"
167,"b'SmallWindow"":15,""doubleAces"":0,""dragonTakedowns"":3,""earliestBaron"":1522.2964536,""earliestDragonTakedown"":749.6121714,""earlyLanin'"
168,"b'gPhaseGoldExpAdvantage"":0,""effectiveHealAndShielding"":314,""elderDragonKillsWithOpposingSoul"":0,""elderDragonMultikills"":0,""enemyC'"
169,"b'hampionImmobilizations"":14,""enemyJungleMonsterKills"":1,""epicMonsterKillsNearEnemyJungler"":1,""epicMonsterKillsWithin30SecondsOfSp'"
170,"b'awn"":0,""epicMonsterSteals"":0,""epicMonsterStolenWithoutSmite"":0,""firstTurretKilled"":1,""firstTurretKilledTime"":835.4123165999999,""'"
171,"b'flawlessAces"":2,""fullTeamTakedown"":2,""gameLength"":1634.3969663999999,""getTakedownsInAllLanesEarlyJungleAsLaner"":0,""goldPerMinute'"
172,"b'"":432.92798870325294,""hadOpenNexus"":0,""highestChampionDamage"":1,""immobilizeAndKillWithAlly"":2,""initialBuffCount"":0,""initialCrabC'"
173,"b'ount"":0,""jungleCsBefore10Minutes"":0,""junglerTakedownsNearDamagedEpicMonster"":0,""kTurretsDestroyedBeforePlatesFall"":0,""kda"":3.8,""'"
174,"b'killAfterHiddenWithAlly"":3,""killParticipation"":0.6333333333333333,""killedChampTookFullTeamDamageSurvived"":0,""killingSprees"":1,""k'"
175,"b'illsNearEnemyTurret"":0,""killsOnOtherLanesEarlyJungleAsLaner"":0,""killsOnRecentlyHealedByAramPack"":0,""killsUnderOwnTurret"":0,""kill'"
176,"b'sWithHelpFromEpicMonster"":0,""knockEnemyIntoTeamAndKill"":0,""landSkillShotsEarlyGame"":10,""laneMinionsFirst10Minutes"":66,""laningPha'"
177,"b'seGoldExpAdvantage"":0,""legendaryCount"":0,""lostAnInhibitor"":0,""maxCsAdvantageOnLaneOpponent"":4,""maxKillDeficit"":1,""maxLevelLeadLa'"
178,"b'neOpponent"":1,""mejaisFullStackInTime"":0,""moreEnemyJungleThanOpponent"":0,""multiKillOneSpell"":0,""multiTurretRiftHeraldCount"":0,""mu'"
179,"b'ltikills"":0,""multikillsAfterAggressiveFlash"":0,""mythicItemUsed"":3142,""outerTurretExecutesBefore10Minutes"":0,""outnumberedKills"":0'"
180,"b',""outnumberedNexusKill"":0,""perfectDragonSoulsTaken"":1,""perfectGame"":0,""pickKillWithAlly"":15,""playedChampSelectPosition"":1,""poroE'"
181,"b'xplosions"":0,""quickCleanse"":0,""quickFirstTurret"":0,""quickSoloKills"":0,""riftHeraldTakedowns"":0,""saveAllyFromDeath"":0,""scuttleCrab'"
182,"b'Kills"":0,""shortestTimeToAceFromFirstTakedown"":11.555048500000112,""skillshotsDodged"":81,""skillshotsHit"":65,""snowballsHit"":0,""solo'"
183,"b'BaronKills"":0,""soloKills"":1,""stealthWardsPlaced"":4,""survivedSingleDigitHpCount"":0,""survivedThreeImmobilizesInFight"":0,""takedownO'"
184,"b'nFirstTurret"":0,""takedowns"":19,""takedownsAfterGainingLevelAdvantage"":0,""takedownsBeforeJungleMinionSpawn"":0,""takedownsFirstXMinu'"
185,"b'tes"":5,""takedownsInAlcove"":1,""takedownsInEnemyFountain"":0,""teamBaronKills"":1,""teamDamagePercentage"":0.2908551602618512,""teamElde'"
186,"b'rDragonKills"":0,""teamRiftHeraldKills"":0,""tookLargeDamageSurvived"":0,""turretPlatesTaken"":0,""turretTakedowns"":4,""turretsTakenWithR'"
187,"b'iftHerald"":0,""twentyMinionsIn3SecondsCount"":8,""twoWardsOneSweeperCount"":0,""unseenRecalls"":0,""visionScoreAdvantageLaneOpponent"":1'"
188,"b'.7490382194519043,""visionScorePerMinute"":2.104667755338103,""wardTakedowns"":14,""wardTakedownsBefore20M"":10,""wardsGuarded"":1},""cha'"
189,"b'mpExperience"":13018,""champLevel"":14,""championId"":110,""championName"":""Varus"",""championTransform"":0,""commandPings"":16,""consumables'"
190,"b'Purchased"":7,""damageDealtToBuildings"":4537,""damageDealtToObjectives"":16908,""damageDealtToTurrets"":4537,""damageSelfMitigated"":686'"
191,"b'6,""dangerPings"":0,""deaths"":5,""detectorWardsPlaced"":4,""doubleKills"":0,""dragonKills"":1,""eligibleForProgression"":true,""enemyMissing'"
192,"b'Pings"":9,""enemyVisionPings"":1,""firstBloodAssist"":false,""firstBloodKill"":false,""firstTowerAssist"":false,""firstTowerKill"":false,""g'"
193,"b'ameEndedInEarlySurrender"":false,""gameEndedInSurrender"":false,""getBackPings"":2,""goldEarned"":11792,""goldSpent"":10400,""holdPings"":0'"
194,"b',""individualPosition"":""BOTTOM"",""inhibitorKills"":1,""inhibitorTakedowns"":1,""inhibitorsLost"":0,""item0"":3142,""item1"":3042,""item2"":66'"
195,"b'94,""item3"":0,""item4"":0,""item5"":3009,""item6"":3363,""itemsPurchased"":25,""killingSprees"":2,""kills"":7,""lane"":""BOTTOM"",""largestCritica'"
196,"b'lStrike"":0,""largestKillingSpree"":4,""largestMultiKill"":1,""longestTimeSpentLiving"":740,""magicDamageDealt"":8918,""magicDamageDealtTo'"
197,"b'Champions"":3934,""magicDamageTaken"":7303,""needVisionPings"":0,""neutralMinionsKilled"":6,""nexusKills"":1,""nexusLost"":0,""nexusTakedown'"
198,"b's"":1,""objectivesStolen"":0,""objectivesStolenAssists"":0,""onMyWayPings"":14,""participantId"":4,""pentaKills"":0,""perks"":{""statPerks"":{""'"
199,"b'defense"":5002,""flex"":5008,""offense"":5005},""styles"":[{""description"":""primaryStyle"",""selections"":[{""perk"":9923,""var1"":64,""var2"":88'"
200,"b',""var3"":0},{""perk"":8139,""var1"":933,""var2"":0,""var3"":0},{""perk"":8136,""var1"":16,""var2"":30,""var3"":0},{""perk"":8105,""var1"":13,""var2"":5'"
201,"b',""var3"":0}],""style"":8100},{""description"":""subStyle"",""selections"":[{""perk"":8304,""var1"":9,""var2"":4,""var3"":5},{""perk"":8345,""var1"":3'"
202,"b',""var2"":0,""var3"":0}],""style"":8300}]},""physicalDamageDealt"":120266,""physicalDamageDealtToChampions"":23322,""physicalDamageTaken"":6'"
203,"b'756,""placement"":0,""playerAugment1"":0,""playerAugment2"":0,""playerAugment3"":0,""playerAugment4"":0,""playerSubteamId"":0,""profileIcon"":'"
204,"b'4568,""pushPings"":0,""puuid"":""EyfGkmll4_0IPcwwSmmbYUwKVNzCVZoroWMphU61gN_b9qICfyHZ_ukAel3My4C--Q5XsmUmJRZ7hA"",""quadraKills"":0,""rio'"
205,"b'tIdName"":"""",""riotIdTagline"":"""",""role"":""CARRY"",""sightWardsBoughtInGame"":0,""spell1Casts"":59,""spell2Casts"":22,""spell3Casts"":48,""spe'"
206,"b'll4Casts"":11,""subteamPlacement"":0,""summoner1Casts"":3,""summoner1Id"":7,""summoner2Casts"":3,""summoner2Id"":4,""summonerId"":""ZvJUsEovnc'"
207,"b'7kx75OoRJrCt76IOa-M8ZVMI6RiwEJzlZqhAU"",""summonerLevel"":288,""summonerName"":""\xec\x8a\x88\xed\x8d\xbc\xeb\xb9\x85\xea\xb3\xa0\xec\x88\x98"",""teamEarlySurrendered"":false,""teamId'"
208,"b'"":100,""teamPosition"":""BOTTOM"",""timeCCingOthers"":23,""timePlayed"":1634,""totalAllyJungleMinionsKilled"":0,""totalDamageDealt"":130064,'"
209,"b'""totalDamageDealtToChampions"":27655,""totalDamageShieldedOnTeammates"":0,""totalDamageTaken"":14137,""totalEnemyJungleMinionsKilled"":'"
210,"b'2,""totalHeal"":2465,""totalHealsOnTeammates"":314,""totalMinionsKilled"":204,""totalTimeCCDealt"":193,""totalTimeSpentDead"":145,""totalUn'"
211,"b'itsHealed"":2,""tripleKills"":0,""trueDamageDealt"":879,""trueDamageDealtToChampions"":398,""trueDamageTaken"":76,""turretKills"":2,""turret'"
212,"b'Takedowns"":4,""turretsLost"":5,""unrealKills"":0,""visionClearedPings"":0,""visionScore"":57,""visionWardsBoughtInGame"":4,""wardsKilled"":1'"
213,"b'4,""wardsPlaced"":28,""win"":true},{""allInPings"":0,""assistMePings"":13,""assists"":23,""baitPings"":0,""baronKills"":0,""basicPings"":0,""boun'"
214,"b'tyLevel"":1,""challenges"":{""12AssistStreakCount"":1,""abilityUses"":185,""acesBefore15Minutes"":0,""alliedJungleMonsterKills"":3,""baronBu'"
215,"b'ffGoldAdvantageOverThreshold"":1,""baronTakedowns"":0,""blastConeOppositeOpponentCount"":0,""bountyGold"":0,""buffsStolen"":0,""completeSu'"
216,"b'pportQuestInTime"":0,""controlWardTimeCoverageInRiverOrEnemyHalf"":0.7774799693240547,""controlWardsPlaced"":9,""damagePerMinute"":287.'"
217,"b'37546958232355,""damageTakenOnTeamPercentage"":0.184388732357807,""dancedWithRiftHerald"":0,""deathsByEnemyChamps"":0,""dodgeSkillShots'"
218,"b'SmallWindow"":22,""doubleAces"":0,""dragonTakedowns"":4,""earliestBaron"":1522.2964536,""earliestDragonTakedown"":405.85003889999996,""ear'"
219,"b'lyLaningPhaseGoldExpAdvantage"":0,""effectiveHealAndShielding"":7016.4990234375,""elderDragonKillsWithOpposingSoul"":0,""elderDragonMu'"
220,"b'ltikills"":0,""enemyChampionImmobilizations"":33,""enemyJungleMonsterKills"":0,""epicMonsterKillsNearEnemyJungler"":0,""epicMonsterKills'"
221,"b'Within30SecondsOfSpawn"":0,""epicMonsterSteals"":0,""epicMonsterStolenWithoutSmite"":0,""firstTurretKilled"":1,""firstTurretKilledTime"":'"
222,"b'835.4123165999999,""flawlessAces"":2,""fullTeamTakedown"":2,""gameLength"":1634.3969663999999,""getTakedownsInAllLanesEarlyJungleAsLane'"
223,"b'r"":0,""goldPerMinute"":298.73867727868117,""hadOpenNexus"":0,""immobilizeAndKillWithAlly"":14,""initialBuffCount"":0,""initialCrabCount"":'"
224,"b'0,""jungleCsBefore10Minutes"":0,""junglerTakedownsNearDamagedEpicMonster"":0,""kTurretsDestroyedBeforePlatesFall"":0,""kda"":24,""killAft'"
225,"b'erHiddenWithAlly"":3,""killParticipation"":0.8,""killedChampTookFullTeamDamageSurvived"":0,""killingSprees"":0,""killsNearEnemyTurret"":0'"
226,"b',""killsOnOtherLanesEarlyJungleAsLaner"":0,""killsOnRecentlyHealedByAramPack"":0,""killsUnderOwnTurret"":0,""killsWithHelpFromEpicMonst'"
227,"b'er"":0,""knockEnemyIntoTeamAndKill"":0,""landSkillShotsEarlyGame"":9,""laneMinionsFirst10Minutes"":19,""laningPhaseGoldExpAdvantage"":0,""'"
228,"b'legendaryCount"":0,""lostAnInhibitor"":0,""maxCsAdvantageOnLaneOpponent"":24.200000017881393,""maxKillDeficit"":1,""maxLevelLeadLaneOppo'"
229,"b'nent"":3,""mejaisFullStackInTime"":0,""moreEnemyJungleThanOpponent"":0,""multiKillOneSpell"":0,""multiTurretRiftHeraldCount"":0,""multikil'"
230,"b'ls"":0,""multikillsAfterAggressiveFlash"":0,""mythicItemUsed"":6667,""outerTurretExecutesBefore10Minutes"":0,""outnumberedKills"":0,""outn'"
231,"b'umberedNexusKill"":0,""perfectDragonSoulsTaken"":1,""perfectGame"":0,""pickKillWithAlly"":19,""playedChampSelectPosition"":1,""poroExplosi'"
232,"b'ons"":0,""quickCleanse"":0,""quickFirstTurret"":0,""quickSoloKills"":0,""riftHeraldTakedowns"":0,""saveAllyFromDeath"":1,""scuttleCrabKills""'"
233,"b':0,""shortestTimeToAceFromFirstTakedown"":11.555048500000112,""skillshotsDodged"":118,""skillshotsHit"":36,""snowballsHit"":0,""soloBaron'"
234,"b'Kills"":0,""soloKills"":0,""stealthWardsPlaced"":28,""survivedSingleDigitHpCount"":0,""survivedThreeImmobilizesInFight"":2,""takedownOnFir'"
235,"b'stTurret"":0,""takedowns"":24,""takedownsAfterGainingLevelAdvantage"":0,""takedownsBeforeJungleMinionSpawn"":0,""takedownsFirstXMinutes""'"
236,"b':3,""takedownsInAlcove"":0,""takedownsInEnemyFountain"":0,""teamBaronKills"":1,""teamDamagePercentage"":0.0823286635711847,""teamElderDra'"
237,"b'gonKills"":0,""teamRiftHeraldKills"":0,""tookLargeDamageSurvived"":0,""turretPlatesTaken"":0,""turretTakedowns"":5,""turretsTakenWithRiftH'"
238,"b'erald"":0,""twentyMinionsIn3SecondsCount"":1,""twoWardsOneSweeperCount"":0,""unseenRecalls"":0,""visionScoreAdvantageLaneOpponent"":0.173'"
239,"b'18320274353027,""visionScorePerMinute"":2.9109373080838896,""wardTakedowns"":9,""wardTakedownsBefore20M"":8,""wardsGuarded"":1},""champEx'"
240,"b'perience"":11102,""champLevel"":13,""championId"":497,""championName"":""Rakan"",""championTransform"":0,""commandPings"":67,""consumablesPurc'"
241,"b'hased"":11,""damageDealtToBuildings"":191,""damageDealtToObjectives"":1202,""damageDealtToTurrets"":191,""damageSelfMitigated"":24304,""da'"
242,"b'ngerPings"":0,""deaths"":0,""detectorWardsPlaced"":9,""doubleKills"":0,""dragonKills"":0,""eligibleForProgression"":true,""enemyMissingPings'"
243,"b'"":19,""enemyVisionPings"":13,""firstBloodAssist"":false,""firstBloodKill"":false,""firstTowerAssist"":false,""firstTowerKill"":false,""game'"
244,"b'EndedInEarlySurrender"":false,""gameEndedInSurrender"":false,""getBackPings"":26,""goldEarned"":8137,""goldSpent"":7175,""holdPings"":1,""in'"
245,"b'dividualPosition"":""UTILITY"",""inhibitorKills"":0,""inhibitorTakedowns"":1,""inhibitorsLost"":0,""item0"":0,""item1"":8001,""item2"":3860,""it'"
246,"b'em3"":0,""item4"":6667,""item5"":3111,""item6"":3364,""itemsPurchased"":26,""killingSprees"":0,""kills"":1,""lane"":""BOTTOM"",""largestCriticalSt'"
247,"b'rike"":0,""largestKillingSpree"":0,""largestMultiKill"":1,""longestTimeSpentLiving"":0,""magicDamageDealt"":12291,""magicDamageDealtToCham'"
248,"b'pions"":4885,""magicDamageTaken"":10101,""needVisionPings"":1,""neutralMinionsKilled"":1,""nexusKills"":0,""nexusLost"":0,""nexusTakedowns"":'"
249,"b'0,""objectivesStolen"":0,""objectivesStolenAssists"":0,""onMyWayPings"":34,""participantId"":5,""pentaKills"":0,""perks"":{""statPerks"":{""def'"
250,"b'ense"":5002,""flex"":5003,""offense"":5007},""styles"":[{""description"":""primaryStyle"",""selections"":[{""perk"":8351,""var1"":56,""var2"":839,""'"
251,"b'var3"":0},{""perk"":8304,""var1"":9,""var2"":4,""var3"":5},{""perk"":8345,""var1"":3,""var2"":0,""var3"":0},{""perk"":8347,""var1"":0,""var2"":0,""var3""'"
252,"b':0}],""style"":8300},{""description"":""subStyle"",""selections"":[{""perk"":8429,""var1"":55,""var2"":12,""var3"":12},{""perk"":8451,""var1"":185,""'"
253,"b'var2"":0,""var3"":0}],""style"":8400}]},""physicalDamageDealt"":8081,""physicalDamageDealtToChampions"":1920,""physicalDamageTaken"":8925,""'"
254,"b'placement"":0,""playerAugment1"":0,""playerAugment2"":0,""playerAugment3"":0,""playerAugment4"":0,""playerSubteamId"":0,""profileIcon"":1160,'"
255,"b'""pushPings"":1,""puuid"":""OnndALDkG1ug3xqwCKg-hhdJs_yf_9oJK1tDD3vlYXUetclOqFLyXCiAKgY0Rl5x83d6coyC6kaYBg"",""quadraKills"":0,""riotIdNa'"
256,"b'me"":"""",""riotIdTagline"":"""",""role"":""SUPPORT"",""sightWardsBoughtInGame"":0,""spell1Casts"":48,""spell2Casts"":53,""spell3Casts"":75,""spell4'"
257,"b'Casts"":9,""subteamPlacement"":0,""summoner1Casts"":7,""summoner1Id"":14,""summoner2Casts"":3,""summoner2Id"":4,""summonerId"":""CAlLM6v5dCyFO'"
258,"b'xZ_lDsELpxPtUniSQmHCyOanzrP29WdtNEh"",""summonerLevel"":464,""summonerName"":""DRX \xec\xa0\x95\xec\x98\xa8"",""teamEarlySurrendered"":false,""teamId"":100,""'"
259,"b'teamPosition"":""UTILITY"",""timeCCingOthers"":39,""timePlayed"":1634,""totalAllyJungleMinionsKilled"":1,""totalDamageDealt"":27471,""totalD'"
260,"b'amageDealtToChampions"":7828,""totalDamageShieldedOnTeammates"":2016,""totalDamageTaken"":19146,""totalEnemyJungleMinionsKilled"":0,""to'"
261,"b'talHeal"":14540,""totalHealsOnTeammates"":5000,""totalMinionsKilled"":38,""totalTimeCCDealt"":180,""totalTimeSpentDead"":0,""totalUnitsHea'"
262,"b'led"":5,""tripleKills"":0,""trueDamageDealt"":7099,""trueDamageDealtToChampions"":1022,""trueDamageTaken"":118,""turretKills"":1,""turretTak'"
263,"b'edowns"":5,""turretsLost"":5,""unrealKills"":0,""visionClearedPings"":0,""visionScore"":79,""visionWardsBoughtInGame"":9,""wardsKilled"":9,""w'"
264,"b'ardsPlaced"":39,""win"":true},{""allInPings"":0,""assistMePings"":1,""assists"":3,""baitPings"":0,""baronKills"":0,""basicPings"":0,""bountyLeve'"
265,"b'l"":0,""challenges"":{""12AssistStreakCount"":0,""abilityUses"":166,""acesBefore15Minutes"":0,""alliedJungleMonsterKills"":0,""baronTakedown'"
266,"b's"":0,""blastConeOppositeOpponentCount"":0,""bountyGold"":375,""buffsStolen"":0,""completeSupportQuestInTime"":0,""controlWardTimeCoverage'"
267,"b'InRiverOrEnemyHalf"":0.8221510282534015,""controlWardsPlaced"":5,""damagePerMinute"":464.8688835015878,""damageTakenOnTeamPercentage"":'"
268,"b'0.2271236655910149,""dancedWithRiftHerald"":0,""deathsByEnemyChamps"":6,""dodgeSkillShotsSmallWindow"":21,""doubleAces"":0,""dragonTakedo'"
269,"b'wns"":0,""earlyLaningPhaseGoldExpAdvantage"":0,""effectiveHealAndShielding"":1402.040283203125,""elderDragonKillsWithOpposingSoul"":0,""'"
270,"b'elderDragonMultikills"":0,""enemyChampionImmobilizations"":44,""enemyJungleMonsterKills"":0,""epicMonsterKillsNearEnemyJungler"":0,""epi'"
271,"b'cMonsterKillsWithin30SecondsOfSpawn"":0,""epicMonsterSteals"":0,""epicMonsterStolenWithoutSmite"":0,""firstTurretKilled"":0,""flawlessAc'"
272,"b'es"":0,""fullTeamTakedown"":1,""gameLength"":1634.3969663999999,""getTakedownsInAllLanesEarlyJungleAsLaner"":0,""goldPerMinute"":317.9936'"
273,"b'108872785,""hadOpenNexus"":0,""immobilizeAndKillWithAlly"":3,""initialBuffCount"":0,""initialCrabCount"":0,""jungleCsBefore10Minutes"":0,""'"
274,"b'junglerTakedownsNearDamagedEpicMonster"":0,""kTurretsDestroyedBeforePlatesFall"":0,""kda"":0.8333333333333334,""killAfterHiddenWithAll'"
275,"b'y"":1,""killParticipation"":0.38461538461538464,""killedChampTookFullTeamDamageSurvived"":0,""killingSprees"":0,""killsNearEnemyTurret"":'"
276,"b'1,""killsOnOtherLanesEarlyJungleAsLaner"":0,""killsOnRecentlyHealedByAramPack"":0,""killsUnderOwnTurret"":0,""killsWithHelpFromEpicMons'"
277,"b'ter"":0,""knockEnemyIntoTeamAndKill"":0,""landSkillShotsEarlyGame"":5,""laneMinionsFirst10Minutes"":70,""laningPhaseGoldExpAdvantage"":0,'"
278,"b'""legendaryCount"":0,""lostAnInhibitor"":0,""maxCsAdvantageOnLaneOpponent"":1,""maxKillDeficit"":0,""maxLevelLeadLaneOpponent"":1,""mejaisF'"
279,"b'ullStackInTime"":0,""moreEnemyJungleThanOpponent"":0,""multiKillOneSpell"":0,""multiTurretRiftHeraldCount"":1,""multikills"":0,""multikill'"
280,"b'sAfterAggressiveFlash"":0,""mythicItemUsed"":3001,""outerTurretExecutesBefore10Minutes"":0,""outnumberedKills"":1,""outnumberedNexusKill'"
281,"b'"":0,""perfectDragonSoulsTaken"":0,""perfectGame"":0,""pickKillWithAlly"":5,""playedChampSelectPosition"":1,""poroExplosions"":0,""quickClea'"
282,"b'nse"":0,""quickFirstTurret"":0,""quickSoloKills"":0,""riftHeraldTakedowns"":1,""saveAllyFromDeath"":0,""scuttleCrabKills"":1,""skillshotsDod'"
283,"b'ged"":108,""skillshotsHit"":40,""snowballsHit"":0,""soloBaronKills"":0,""soloKills"":0,""stealthWardsPlaced"":6,""survivedSingleDigitHpCount'"
284,"b'"":0,""survivedThreeImmobilizesInFight"":0,""takedownOnFirstTurret"":0,""takedowns"":5,""takedownsAfterGainingLevelAdvantage"":0,""takedow'"
285,"b'nsBeforeJungleMinionSpawn"":0,""takedownsFirstXMinutes"":0,""takedownsInAlcove"":0,""takedownsInEnemyFountain"":0,""teamBaronKills"":0,""t'"
286,"b'eamDamagePercentage"":0.16847394358450118,""teamElderDragonKills"":0,""teamRiftHeraldKills"":2,""tookLargeDamageSurvived"":0,""turretPla'"
287,"b'tesTaken"":2,""turretTakedowns"":0,""turretsTakenWithRiftHerald"":10,""twentyMinionsIn3SecondsCount"":7,""twoWardsOneSweeperCount"":0,""un'"
288,"b'seenRecalls"":0,""visionScoreAdvantageLaneOpponent"":0.23194122314453125,""visionScorePerMinute"":1.2483069613202225,""wardTakedowns"":'"
289,"b'5,""wardTakedownsBefore20M"":3,""wardsGuarded"":0},""champExperience"":10560,""champLevel"":13,""championId"":3,""championName"":""Galio"",""ch'"
290,"b'ampionTransform"":0,""commandPings"":9,""consumablesPurchased"":11,""damageDealtToBuildings"":137,""damageDealtToObjectives"":245,""damage'"
291,"b'DealtToTurrets"":137,""damageSelfMitigated"":49017,""dangerPings"":0,""deaths"":6,""detectorWardsPlaced"":5,""doubleKills"":0,""dragonKills""'"
292,"b':0,""eligibleForProgression"":true,""enemyMissingPings"":0,""enemyVisionPings"":1,""firstBloodAssist"":false,""firstBloodKill"":false,""fir'"
293,"b'stTowerAssist"":false,""firstTowerKill"":false,""gameEndedInEarlySurrender"":false,""gameEndedInSurrender"":false,""getBackPings"":0,""gol'"
294,"b'dEarned"":8662,""goldSpent"":8425,""holdPings"":0,""individualPosition"":""TOP"",""inhibitorKills"":0,""inhibitorTakedowns"":0,""inhibitorsLos'"
295,"b't"":1,""item0"":8001,""item1"":2055,""item2"":3158,""item3"":3105,""item4"":3001,""item5"":1028,""item6"":3364,""itemsPurchased"":29,""killingSpre'"
296,"b'es"":0,""kills"":2,""lane"":""TOP"",""largestCriticalStrike"":0,""largestKillingSpree"":0,""largestMultiKill"":1,""longestTimeSpentLiving"":966'"
297,"b',""magicDamageDealt"":87114,""magicDamageDealtToChampions"":12460,""magicDamageTaken"":10001,""needVisionPings"":0,""neutralMinionsKilled'"
298,"b'"":4,""nexusKills"":0,""nexusLost"":1,""nexusTakedowns"":0,""objectivesStolen"":0,""objectivesStolenAssists"":0,""onMyWayPings"":16,""particip'"
299,"b'antId"":6,""pentaKills"":0,""perks"":{""statPerks"":{""defense"":5003,""flex"":5008,""offense"":5008},""styles"":[{""description"":""primaryStyle""'"
300,"b',""selections"":[{""perk"":8230,""var1"":17,""var2"":0,""var3"":0},{""perk"":8226,""var1"":250,""var2"":621,""var3"":0},{""perk"":8210,""var1"":6,""var'"
301,"b'2"":0,""var3"":0},{""perk"":8236,""var1"":24,""var2"":0,""var3"":0}],""style"":8200},{""description"":""subStyle"",""selections"":[{""perk"":8429,""va'"
302,"b'r1"":55,""var2"":12,""var3"":12},{""perk"":8451,""var1"":198,""var2"":0,""var3"":0}],""style"":8400}]},""physicalDamageDealt"":3465,""physicalDama'"
303,"b'geDealtToChampions"":202,""physicalDamageTaken"":16271,""placement"":0,""playerAugment1"":0,""playerAugment2"":0,""playerAugment3"":0,""play'"
304,"b'erAugment4"":0,""playerSubteamId"":0,""profileIcon"":4668,""pushPings"":0,""puuid"":""GDdfp2hncnqVhE1vU6GEe1XPbXlfSchxtajOvAYcULWnP2UaMCam'"
305,"b'mfc8D1wFlj6cSlrkFKl3eDlhAQ"",""quadraKills"":0,""riotIdName"":"""",""riotIdTagline"":"""",""role"":""SOLO"",""sightWardsBoughtInGame"":0,""spell1C'"
306,"b'asts"":64,""spell2Casts"":22,""spell3Casts"":72,""spell4Casts"":8,""subteamPlacement"":0,""summoner1Casts"":6,""summoner1Id"":6,""summoner2Cas'"
307,"b'ts"":5,""summoner2Id"":12,""summonerId"":""eWic05aXfkLZKZj3e-Yd8EagaJdlGbULXBjnYYZDKIlAaQo"",""summonerLevel"":414,""summonerName"":""FA ady'"
308,"b'"",""teamEarlySurrendered"":false,""teamId"":200,""teamPosition"":""TOP"",""timeCCingOthers"":46,""timePlayed"":1634,""totalAllyJungleMinionsK'"
309,"b'illed"":0,""totalDamageDealt"":90579,""totalDamageDealtToChampions"":12663,""totalDamageShieldedOnTeammates"":1402,""totalDamageTaken"":2'"
310,"b'7131,""totalEnemyJungleMinionsKilled"":0,""totalHeal"":1476,""totalHealsOnTeammates"":0,""totalMinionsKilled"":151,""totalTimeCCDealt"":11'"
311,"b'0,""totalTimeSpentDead"":244,""totalUnitsHealed"":1,""tripleKills"":0,""trueDamageDealt"":0,""trueDamageDealtToChampions"":0,""trueDamageTa'"
312,"b'ken"":858,""turretKills"":0,""turretTakedowns"":0,""turretsLost"":8,""unrealKills"":0,""visionClearedPings"":0,""visionScore"":34,""visionWard'"
313,"b'sBoughtInGame"":7,""wardsKilled"":5,""wardsPlaced"":11,""win"":false},{""allInPings"":0,""assistMePings"":20,""assists"":5,""baitPings"":0,""bar'"
314,"b'onKills"":0,""basicPings"":0,""bountyLevel"":0,""challenges"":{""12AssistStreakCount"":0,""abilityUses"":400,""acesBefore15Minutes"":0,""allie'"
315,"b'dJungleMonsterKills"":73,""baronTakedowns"":0,""blastConeOppositeOpponentCount"":0,""bountyGold"":0,""buffsStolen"":2,""completeSupportQue'"
316,"b'stInTime"":0,""controlWardTimeCoverageInRiverOrEnemyHalf"":0.5802130931439301,""controlWardsPlaced"":3,""damagePerMinute"":691.76904853'"
317,"b'49889,""damageTakenOnTeamPercentage"":0.33316615748050354,""dancedWithRiftHerald"":0,""deathsByEnemyChamps"":6,""dodgeSkillShotsSmallWi'"
318,"b'ndow"":9,""doubleAces"":0,""dragonTakedowns"":0,""earlyLaningPhaseGoldExpAdvantage"":0,""effectiveHealAndShielding"":0,""elderDragonKillsW'"
319,"b'ithOpposingSoul"":0,""elderDragonMultikills"":0,""enemyChampionImmobilizations"":0,""enemyJungleMonsterKills"":4,""epicMonsterKillsNearE'"
320,"b'nemyJungler"":1,""epicMonsterKillsWithin30SecondsOfSpawn"":0,""epicMonsterSteals"":0,""epicMonsterStolenWithoutSmite"":0,""firstTurretKi'"
321,"b'lled"":0,""flawlessAces"":0,""fullTeamTakedown"":1,""gameLength"":1634.3969663999999,""goldPerMinute"":401.52746666129644,""hadOpenNexus"":'"
322,"b'0,""highestCrowdControlScore"":1,""immobilizeAndKillWithAlly"":0,""initialBuffCount"":2,""initialCrabCount"":1,""jungleCsBefore10Minutes""'"
323,"b':76.00000008940697,""junglerKillsEarlyJungle"":1,""junglerTakedownsNearDamagedEpicMonster"":1,""kTurretsDestroyedBeforePlatesFall"":0,'"
324,"b'""kda"":1.1666666666666667,""killAfterHiddenWithAlly"":0,""killParticipation"":0.5384615384615384,""killedChampTookFullTeamDamageSurviv'"
325,"b'ed"":0,""killingSprees"":0,""killsNearEnemyTurret"":0,""killsOnLanersEarlyJungleAsJungler"":0,""killsOnRecentlyHealedByAramPack"":0,""kill'"
326,"b'sUnderOwnTurret"":0,""killsWithHelpFromEpicMonster"":0,""knockEnemyIntoTeamAndKill"":0,""landSkillShotsEarlyGame"":2,""laneMinionsFirst1'"
327,"b'0Minutes"":0,""laningPhaseGoldExpAdvantage"":1,""legendaryCount"":0,""lostAnInhibitor"":0,""maxCsAdvantageOnLaneOpponent"":42.19999998807'"
328,"b'907,""maxKillDeficit"":0,""maxLevelLeadLaneOpponent"":2,""mejaisFullStackInTime"":0,""moreEnemyJungleThanOpponent"":-37.000000059604645,'"
329,"b'""multiKillOneSpell"":0,""multiTurretRiftHeraldCount"":1,""multikills"":0,""multikillsAfterAggressiveFlash"":0,""mythicItemUsed"":6630,""ou'"
330,"b'terTurretExecutesBefore10Minutes"":0,""outnumberedKills"":0,""outnumberedNexusKill"":0,""perfectDragonSoulsTaken"":0,""perfectGame"":0,""p'"
331,"b'ickKillWithAlly"":6,""playedChampSelectPosition"":1,""poroExplosions"":0,""quickCleanse"":0,""quickFirstTurret"":0,""quickSoloKills"":0,""ri'"
332,"b'ftHeraldTakedowns"":2,""saveAllyFromDeath"":0,""scuttleCrabKills"":4,""skillshotsDodged"":49,""skillshotsHit"":35,""snowballsHit"":0,""soloB'"
333,"b'aronKills"":0,""soloKills"":1,""stealthWardsPlaced"":10,""survivedSingleDigitHpCount"":0,""survivedThreeImmobilizesInFight"":0,""takedownO'"
334,"b'nFirstTurret"":0,""takedowns"":7,""takedownsAfterGainingLevelAdvantage"":0,""takedownsBeforeJungleMinionSpawn"":0,""takedownsFirstXMinut'"
335,"b'es"":4,""takedownsInAlcove"":0,""takedownsInEnemyFountain"":0,""teamBaronKills"":0,""teamDamagePercentage"":0.2507052284904969,""teamElder'"
336,"b'DragonKills"":0,""teamRiftHeraldKills"":2,""tookLargeDamageSurvived"":0,""turretPlatesTaken"":2,""turretTakedowns"":2,""turretsTakenWithRi'"
337,"b'ftHerald"":10,""twentyMinionsIn3SecondsCount"":1,""twoWardsOneSweeperCount"":0,""unseenRecalls"":0,""visionScoreAdvantageLaneOpponent"":0'"
338,"b'.37845849990844727,""visionScorePerMinute"":1.29960969331544,""wardTakedowns"":4,""wardTakedownsBefore20M"":4,""wardsGuarded"":1},""champ'"
339,"b'Experience"":11678,""champLevel"":14,""championId"":121,""championName"":""Khazix"",""championTransform"":0,""commandPings"":16,""consumablesP'"
340,"b'urchased"":3,""damageDealtToBuildings"":847,""damageDealtToObjectives"":17862,""damageDealtToTurrets"":847,""damageSelfMitigated"":29138,'"
341,"b'""dangerPings"":0,""deaths"":6,""detectorWardsPlaced"":3,""doubleKills"":0,""dragonKills"":0,""eligibleForProgression"":true,""enemyMissingPi'"
342,"b'ngs"":4,""enemyVisionPings"":0,""firstBloodAssist"":false,""firstBloodKill"":false,""firstTowerAssist"":false,""firstTowerKill"":false,""gam'"
343,"b'eEndedInEarlySurrender"":false,""gameEndedInSurrender"":false,""getBackPings"":20,""goldEarned"":10937,""goldSpent"":10725,""holdPings"":0,'"
344,"b'""individualPosition"":""JUNGLE"",""inhibitorKills"":0,""inhibitorTakedowns"":0,""inhibitorsLost"":1,""item0"":6630,""item1"":3065,""item2"":0,""'"
345,"b'item3"":3161,""item4"":3158,""item5"":0,""item6"":3340,""itemsPurchased"":21,""killingSprees"":1,""kills"":2,""lane"":""JUNGLE"",""largestCritical'"
346,"b'Strike"":0,""largestKillingSpree"":2,""largestMultiKill"":1,""longestTimeSpentLiving"":843,""magicDamageDealt"":1338,""magicDamageDealtToC'"
347,"b'hampions"":1338,""magicDamageTaken"":14751,""needVisionPings"":0,""neutralMinionsKilled"":156,""nexusKills"":0,""nexusLost"":1,""nexusTakedo'"
348,"b'wns"":0,""objectivesStolen"":0,""objectivesStolenAssists"":0,""onMyWayPings"":9,""participantId"":7,""pentaKills"":0,""perks"":{""statPerks"":{'"
349,"b'""defense"":5001,""flex"":5008,""offense"":5005},""styles"":[{""description"":""primaryStyle"",""selections"":[{""perk"":8010,""var1"":746,""var2"":'"
350,"b'0,""var3"":0},{""perk"":9111,""var1"":635,""var2"":140,""var3"":0},{""perk"":9104,""var1"":13,""var2"":0,""var3"":0},{""perk"":8299,""var1"":411,""var2'"
351,"b'"":0,""var3"":0}],""style"":8000},{""description"":""subStyle"",""selections"":[{""perk"":8304,""var1"":9,""var2"":4,""var3"":5},{""perk"":8347,""var1'"
352,"b'"":0,""var2"":0,""var3"":0}],""style"":8300}]},""physicalDamageDealt"":163108,""physicalDamageDealtToChampions"":16639,""physicalDamageTaken'"
353,"b'"":24562,""placement"":0,""playerAugment1"":0,""playerAugment2"":0,""playerAugment3"":0,""playerAugment4"":0,""playerSubteamId"":0,""profileIc'"
354,"b'on"":11,""pushPings"":0,""puuid"":""8gU_pNweRp6t5cFZdajxPLS3I7ypaBs2VvOQrHuoyjRAbXTM---xQlFL_Ktp5fXRoy3vBfhtfYrUVw"",""quadraKills"":0,""r'"
355,"b'iotIdName"":"""",""riotIdTagline"":"""",""role"":""NONE"",""sightWardsBoughtInGame"":0,""spell1Casts"":207,""spell2Casts"":107,""spell3Casts"":57,""'"
356,"b'spell4Casts"":29,""subteamPlacement"":0,""summoner1Casts"":8,""summoner1Id"":6,""summoner2Casts"":19,""summoner2Id"":11,""summonerId"":""CosLK'"
357,"b'fG0xxPjQwUT8vGhT8WUUVU8mipfd3rrZSEIHA9mQGiKt1lDXzuyTQ"",""summonerLevel"":54,""summonerName"":""Agurin\xeb\xaa\xa8\xeb\xaa\xa8"",""teamEarlySurrendered"":f'"
358,"b'alse,""teamId"":200,""teamPosition"":""JUNGLE"",""timeCCingOthers"":17,""timePlayed"":1634,""totalAllyJungleMinionsKilled"":114,""totalDamage'"
359,"b'Dealt"":202637,""totalDamageDealtToChampions"":18843,""totalDamageShieldedOnTeammates"":0,""totalDamageTaken"":39799,""totalEnemyJungleM'"
360,"b'inionsKilled"":16,""totalHeal"":19473,""totalHealsOnTeammates"":0,""totalMinionsKilled"":29,""totalTimeCCDealt"":373,""totalTimeSpentDead""'"
361,"b':176,""totalUnitsHealed"":1,""tripleKills"":0,""trueDamageDealt"":38190,""trueDamageDealtToChampions"":866,""trueDamageTaken"":484,""turret'"
362,"b'Kills"":2,""turretTakedowns"":2,""turretsLost"":8,""unrealKills"":0,""visionClearedPings"":0,""visionScore"":35,""visionWardsBoughtInGame"":3'"
363,"b',""wardsKilled"":4,""wardsPlaced"":13,""win"":false},{""allInPings"":0,""assistMePings"":1,""assists"":4,""baitPings"":0,""baronKills"":0,""basic'"
364,"b'Pings"":0,""bountyLevel"":0,""challenges"":{""12AssistStreakCount"":0,""abilityUses"":207,""acesBefore15Minutes"":0,""alliedJungleMonsterKil'"
365,"b'ls"":1,""baronTakedowns"":0,""blastConeOppositeOpponentCount"":0,""bountyGold"":0,""buffsStolen"":0,""completeSupportQuestInTime"":0,""contr'"
366,"b'olWardTimeCoverageInRiverOrEnemyHalf"":0.7685188787193284,""controlWardsPlaced"":3,""damagePerMinute"":707.1087085229922,""damageTaken'"
367,"b'OnTeamPercentage"":0.13498739027986142,""dancedWithRiftHerald"":0,""deathsByEnemyChamps"":4,""dodgeSkillShotsSmallWindow"":10,""doubleAc'"
368,"b'es"":0,""dragonTakedowns"":0,""earlyLaningPhaseGoldExpAdvantage"":0,""effectiveHealAndShielding"":0,""elderDragonKillsWithOpposingSoul"":'"
369,"b'0,""elderDragonMultikills"":0,""enemyChampionImmobilizations"":6,""enemyJungleMonsterKills"":0,""epicMonsterKillsNearEnemyJungler"":0,""e'"
370,"b'picMonsterKillsWithin30SecondsOfSpawn"":0,""epicMonsterSteals"":0,""epicMonsterStolenWithoutSmite"":0,""firstTurretKilled"":0,""flawless'"
371,"b'Aces"":0,""fullTeamTakedown"":1,""gameLength"":1634.3969663999999,""getTakedownsInAllLanesEarlyJungleAsLaner"":0,""goldPerMinute"":378.74'"
372,"b'415671777035,""hadOpenNexus"":0,""immobilizeAndKillWithAlly"":1,""initialBuffCount"":0,""initialCrabCount"":0,""jungleCsBefore10Minutes"":'"
373,"b'0,""junglerTakedownsNearDamagedEpicMonster"":0,""kTurretsDestroyedBeforePlatesFall"":0,""kda"":1.75,""killAfterHiddenWithAlly"":2,""killP'"
374,"b'articipation"":0.5384615384615384,""killedChampTookFullTeamDamageSurvived"":0,""killingSprees"":0,""killsNearEnemyTurret"":0,""killsOnOt'"
375,"b'herLanesEarlyJungleAsLaner"":0,""killsOnRecentlyHealedByAramPack"":0,""killsUnderOwnTurret"":1,""killsWithHelpFromEpicMonster"":0,""knoc'"
376,"b'kEnemyIntoTeamAndKill"":0,""landSkillShotsEarlyGame"":0,""laneMinionsFirst10Minutes"":81,""laningPhaseGoldExpAdvantage"":0,""legendaryCo'"
377,"b'unt"":0,""lostAnInhibitor"":0,""maxCsAdvantageOnLaneOpponent"":37.19999998807907,""maxKillDeficit"":0,""maxLevelLeadLaneOpponent"":1,""mej'"
378,"b'aisFullStackInTime"":0,""moreEnemyJungleThanOpponent"":0,""multiKillOneSpell"":0,""multiTurretRiftHeraldCount"":1,""multikills"":0,""multi'"
379,"b'killsAfterAggressiveFlash"":0,""mythicItemUsed"":4644,""outerTurretExecutesBefore10Minutes"":0,""outnumberedKills"":1,""outnumberedNexus'"
380,"b'Kill"":0,""perfectDragonSoulsTaken"":0,""perfectGame"":0,""pickKillWithAlly"":7,""playedChampSelectPosition"":1,""poroExplosions"":0,""quick'"
381,"b'Cleanse"":0,""quickFirstTurret"":0,""quickSoloKills"":0,""riftHeraldTakedowns"":1,""saveAllyFromDeath"":0,""scuttleCrabKills"":0,""skillshot'"
382,"b'sDodged"":54,""skillshotsHit"":0,""snowballsHit"":0,""soloBaronKills"":0,""soloKills"":0,""stealthWardsPlaced"":5,""survivedSingleDigitHpCou'"
383,"b'nt"":0,""survivedThreeImmobilizesInFight"":0,""takedownOnFirstTurret"":0,""takedowns"":7,""takedownsAfterGainingLevelAdvantage"":0,""taked'"
384,"b'ownsBeforeJungleMinionSpawn"":0,""takedownsFirstXMinutes"":2,""takedownsInAlcove"":0,""takedownsInEnemyFountain"":0,""teamBaronKills"":0,'"
385,"b'""teamDamagePercentage"":0.2562645014449653,""teamElderDragonKills"":0,""teamRiftHeraldKills"":2,""tookLargeDamageSurvived"":0,""turretPl'"
386,"b'atesTaken"":2,""turretTakedowns"":0,""turretsTakenWithRiftHerald"":10,""twentyMinionsIn3SecondsCount"":10,""twoWardsOneSweeperCount"":0,""'"
387,"b'unseenRecalls"":0,""visionScoreAdvantageLaneOpponent"":0.6210380792617798,""visionScorePerMinute"":1.110707606697829,""wardTakedowns"":'"
388,"b'4,""wardTakedownsBefore20M"":1,""wardsGuarded"":0},""champExperience"":12529,""champLevel"":14,""championId"":136,""championName"":""Aurelion'"
389,"b'Sol"",""championTransform"":0,""commandPings"":4,""consumablesPurchased"":6,""damageDealtToBuildings"":862,""damageDealtToObjectives"":1210'"
390,"b',""damageDealtToTurrets"":862,""damageSelfMitigated"":7053,""dangerPings"":0,""deaths"":4,""detectorWardsPlaced"":3,""doubleKills"":0,""drago'"
391,"b'nKills"":0,""eligibleForProgression"":true,""enemyMissingPings"":1,""enemyVisionPings"":3,""firstBloodAssist"":false,""firstBloodKill"":fal'"
392,"b'se,""firstTowerAssist"":false,""firstTowerKill"":false,""gameEndedInEarlySurrender"":false,""gameEndedInSurrender"":false,""getBackPings""'"
393,"b':5,""goldEarned"":10316,""goldSpent"":10150,""holdPings"":0,""individualPosition"":""MIDDLE"",""inhibitorKills"":0,""inhibitorTakedowns"":0,""i'"
394,"b'nhibitorsLost"":1,""item0"":1056,""item1"":3020,""item2"":4644,""item3"":3116,""item4"":4628,""item5"":2055,""item6"":3363,""itemsPurchased"":21,'"
395,"b'""killingSprees"":1,""kills"":3,""lane"":""MIDDLE"",""largestCriticalStrike"":0,""largestKillingSpree"":2,""largestMultiKill"":1,""longestTimeS'"
396,"b'pentLiving"":1063,""magicDamageDealt"":109601,""magicDamageDealtToChampions"":18919,""magicDamageTaken"":9157,""needVisionPings"":0,""neut'"
397,"b'ralMinionsKilled"":4,""nexusKills"":0,""nexusLost"":1,""nexusTakedowns"":0,""objectivesStolen"":0,""objectivesStolenAssists"":0,""onMyWayPin'"
398,"b'gs"":8,""participantId"":8,""pentaKills"":0,""perks"":{""statPerks"":{""defense"":5003,""flex"":5008,""offense"":5008},""styles"":[{""description""'"
399,"b':""primaryStyle"",""selections"":[{""perk"":8229,""var1"":2847,""var2"":0,""var3"":0},{""perk"":8226,""var1"":250,""var2"":1095,""var3"":0},{""perk"":'"
400,"b'8233,""var1"":17,""var2"":30,""var3"":0},{""perk"":8237,""var1"":787,""var2"":0,""var3"":0}],""style"":8200},{""description"":""subStyle"",""selectio'"
401,"b'ns"":[{""perk"":8304,""var1"":10,""var2"":3,""var3"":0},{""perk"":8345,""var1"":3,""var2"":0,""var3"":0}],""style"":8300}]},""physicalDamageDealt"":5'"
402,"b'224,""physicalDamageDealtToChampions"":325,""physicalDamageTaken"":6457,""placement"":0,""playerAugment1"":0,""playerAugment2"":0,""playerA'"
403,"b'ugment3"":0,""playerAugment4"":0,""playerSubteamId"":0,""profileIcon"":5943,""pushPings"":0,""puuid"":""87X0H11x_FRlte9AWd6TyfcpBf6H8qmHgEN7'"
404,"b'WmTODY-a9fqkmPs22brH_pZbaQEuRe2tU9QQ-NXhMg"",""quadraKills"":0,""riotIdName"":"""",""riotIdTagline"":"""",""role"":""DUO"",""sightWardsBoughtInG'"
405,"b'ame"":0,""spell1Casts"":122,""spell2Casts"":25,""spell3Casts"":53,""spell4Casts"":7,""subteamPlacement"":0,""summoner1Casts"":3,""summoner1Id""'"
406,"b':4,""summoner2Casts"":3,""summoner2Id"":12,""summonerId"":""VBQrSQWoTmOYYBH1_ftIUgDDTz4ijzjxyGIpRbO2drj_E4s"",""summonerLevel"":244,""summo'"
407,"b'nerName"":""U Rong"",""teamEarlySurrendered"":false,""teamId"":200,""teamPosition"":""MIDDLE"",""timeCCingOthers"":24,""timePlayed"":1634,""tota'"
408,"b'lAllyJungleMinionsKilled"":4,""totalDamageDealt"":120422,""totalDamageDealtToChampions"":19261,""totalDamageShieldedOnTeammates"":0,""to'"
409,"b'talDamageTaken"":16125,""totalEnemyJungleMinionsKilled"":0,""totalHeal"":2047,""totalHealsOnTeammates"":0,""totalMinionsKilled"":211,""tot'"
410,"b'alTimeCCDealt"":498,""totalTimeSpentDead"":127,""totalUnitsHealed"":1,""tripleKills"":0,""trueDamageDealt"":5597,""trueDamageDealtToChampi'"
411,"b'ons"":16,""trueDamageTaken"":511,""turretKills"":0,""turretTakedowns"":0,""turretsLost"":8,""unrealKills"":0,""visionClearedPings"":0,""vision'"
412,"b'Score"":30,""visionWardsBoughtInGame"":4,""wardsKilled"":4,""wardsPlaced"":12,""win"":false},{""allInPings"":0,""assistMePings"":1,""assists"":'"
413,"b'1,""baitPings"":0,""baronKills"":0,""basicPings"":0,""bountyLevel"":0,""challenges"":{""12AssistStreakCount"":0,""abilityUses"":601,""acesBefor'"
414,"b'e15Minutes"":0,""alliedJungleMonsterKills"":16,""baronTakedowns"":0,""blastConeOppositeOpponentCount"":0,""bountyGold"":0,""buffsStolen"":0'"
415,"b',""completeSupportQuestInTime"":0,""controlWardTimeCoverageInRiverOrEnemyHalf"":0.36421107377062734,""controlWardsPlaced"":1,""damagePe'"
416,"b'rMinute"":588.2291399454963,""damageTakenOnTeamPercentage"":0.17156338171116225,""dancedWithRiftHerald"":0,""deathsByEnemyChamps"":7,""d'"
417,"b'odgeSkillShotsSmallWindow"":21,""doubleAces"":0,""dragonTakedowns"":0,""earlyLaningPhaseGoldExpAdvantage"":0,""effectiveHealAndShielding'"
418,"b'"":0,""elderDragonKillsWithOpposingSoul"":0,""elderDragonMultikills"":0,""enemyChampionImmobilizations"":0,""enemyJungleMonsterKills"":0,'"
419,"b'""epicMonsterKillsNearEnemyJungler"":0,""epicMonsterKillsWithin30SecondsOfSpawn"":0,""epicMonsterSteals"":0,""epicMonsterStolenWithoutS'"
420,"b'mite"":0,""firstTurretKilled"":0,""flawlessAces"":0,""fullTeamTakedown"":1,""gameLength"":1634.3969663999999,""getTakedownsInAllLanesEarly'"
421,"b'JungleAsLaner"":0,""goldPerMinute"":436.8448935160726,""hadOpenNexus"":0,""highestWardKills"":1,""immobilizeAndKillWithAlly"":0,""initialB'"
422,"b'uffCount"":0,""initialCrabCount"":0,""jungleCsBefore10Minutes"":0,""junglerTakedownsNearDamagedEpicMonster"":0,""kTurretsDestroyedBefore'"
423,"b'PlatesFall"":0,""kda"":1,""killAfterHiddenWithAlly"":1,""killParticipation"":0.5384615384615384,""killedChampTookFullTeamDamageSurvived""'"
424,"b':0,""killingSprees"":1,""killsNearEnemyTurret"":0,""killsOnOtherLanesEarlyJungleAsLaner"":0,""killsOnRecentlyHealedByAramPack"":0,""kills'"
425,"b'UnderOwnTurret"":1,""killsWithHelpFromEpicMonster"":0,""knockEnemyIntoTeamAndKill"":0,""landSkillShotsEarlyGame"":142,""laneMinionsFirst'"
426,"b'10Minutes"":78,""laningPhaseGoldExpAdvantage"":0,""legendaryCount"":0,""lostAnInhibitor"":0,""maxCsAdvantageOnLaneOpponent"":43.200000077'"
427,"b'48604,""maxKillDeficit"":0,""maxLevelLeadLaneOpponent"":1,""mejaisFullStackInTime"":0,""moreEnemyJungleThanOpponent"":0,""multiKillOneSpe'"
428,"b'll"":0,""multiTurretRiftHeraldCount"":1,""multikills"":0,""multikillsAfterAggressiveFlash"":0,""mythicItemUsed"":6675,""outerTurretExecute'"
429,"b'sBefore10Minutes"":0,""outnumberedKills"":1,""outnumberedNexusKill"":0,""perfectDragonSoulsTaken"":0,""perfectGame"":0,""pickKillWithAlly""'"
430,"b':6,""playedChampSelectPosition"":1,""poroExplosions"":0,""quickCleanse"":0,""quickFirstTurret"":0,""quickSoloKills"":0,""riftHeraldTakedown'"
431,"b's"":1,""saveAllyFromDeath"":0,""scuttleCrabKills"":0,""skillshotsDodged"":109,""skillshotsHit"":334,""snowballsHit"":0,""soloBaronKills"":0,""'"
432,"b'soloKills"":1,""soloTurretsLategame"":1,""stealthWardsPlaced"":4,""survivedSingleDigitHpCount"":0,""survivedThreeImmobilizesInFight"":0,""'"
433,"b'takedownOnFirstTurret"":0,""takedowns"":7,""takedownsAfterGainingLevelAdvantage"":0,""takedownsBeforeJungleMinionSpawn"":0,""takedownsFi'"
434,"b'rstXMinutes"":2,""takedownsInAlcove"":0,""takedownsInEnemyFountain"":0,""teamBaronKills"":0,""teamDamagePercentage"":0.2131811494705016,""'"
435,"b'teamElderDragonKills"":0,""teamRiftHeraldKills"":2,""tookLargeDamageSurvived"":0,""turretPlatesTaken"":0,""turretTakedowns"":3,""turretsTa'"
436,"b'kenWithRiftHerald"":10,""twentyMinionsIn3SecondsCount"":10,""twoWardsOneSweeperCount"":0,""unseenRecalls"":0,""visionScoreAdvantageLaneO'"
437,"b'pponent"":-0.6362364292144775,""visionScorePerMinute"":0.765601499459854,""wardTakedowns"":15,""wardTakedownsBefore20M"":11,""wardsGuard'"
438,"b'ed"":0},""champExperience"":11581,""champLevel"":14,""championId"":221,""championName"":""Zeri"",""championTransform"":0,""commandPings"":2,""co'"
439,"b'nsumablesPurchased"":3,""damageDealtToBuildings"":7949,""damageDealtToObjectives"":9879,""damageDealtToTurrets"":7949,""damageSelfMitiga'"
440,"b'ted"":8798,""dangerPings"":0,""deaths"":7,""detectorWardsPlaced"":1,""doubleKills"":0,""dragonKills"":0,""eligibleForProgression"":true,""enem'"
441,"b'yMissingPings"":6,""enemyVisionPings"":1,""firstBloodAssist"":false,""firstBloodKill"":true,""firstTowerAssist"":false,""firstTowerKill"":f'"
442,"b'alse,""gameEndedInEarlySurrender"":false,""gameEndedInSurrender"":false,""getBackPings"":1,""goldEarned"":11899,""goldSpent"":12150,""holdP'"
443,"b'ings"":0,""individualPosition"":""BOTTOM"",""inhibitorKills"":0,""inhibitorTakedowns"":0,""inhibitorsLost"":1,""item0"":3087,""item1"":3072,""it'"
444,"b'em2"":2055,""item3"":3006,""item4"":6675,""item5"":0,""item6"":3363,""itemsPurchased"":21,""killingSprees"":1,""kills"":6,""lane"":""MIDDLE"",""larg'"
445,"b'estCriticalStrike"":426,""largestKillingSpree"":3,""largestMultiKill"":1,""longestTimeSpentLiving"":523,""magicDamageDealt"":60956,""magic'"
446,"b'DamageDealtToChampions"":6058,""magicDamageTaken"":7184,""needVisionPings"":0,""neutralMinionsKilled"":17,""nexusKills"":0,""nexusLost"":1,'"
447,"b'""nexusTakedowns"":0,""objectivesStolen"":0,""objectivesStolenAssists"":0,""onMyWayPings"":4,""participantId"":9,""pentaKills"":0,""perks"":{""'"
448,"b'statPerks"":{""defense"":5002,""flex"":5008,""offense"":5005},""styles"":[{""description"":""primaryStyle"",""selections"":[{""perk"":8008,""var1""'"
449,"b':14,""var2"":0,""var3"":0},{""perk"":9111,""var1"":380,""var2"":140,""var3"":0},{""perk"":9104,""var1"":19,""var2"":40,""var3"":0},{""perk"":8299,""var'"
450,"b'1"":513,""var2"":0,""var3"":0}],""style"":8000},{""description"":""subStyle"",""selections"":[{""perk"":8473,""var1"":351,""var2"":0,""var3"":0},{""pe'"
451,"b'rk"":8451,""var1"":167,""var2"":0,""var3"":0}],""style"":8400}]},""physicalDamageDealt"":85757,""physicalDamageDealtToChampions"":9825,""physi'"
452,"b'calDamageTaken"":12632,""placement"":0,""playerAugment1"":0,""playerAugment2"":0,""playerAugment3"":0,""playerAugment4"":0,""playerSubteamId'"
453,"b'"":0,""profileIcon"":4491,""pushPings"":0,""puuid"":""FTNzrsiLigz4F9ezDPOwQLia3qyyVeeZ3lEIOS15iVqDVICa58XE4kFSlweTeieqE9FunpcMlDI4CQ"",""q'"
454,"b'uadraKills"":0,""riotIdName"":"""",""riotIdTagline"":"""",""role"":""DUO"",""sightWardsBoughtInGame"":0,""spell1Casts"":537,""spell2Casts"":25,""spe'"
455,"b'll3Casts"":33,""spell4Casts"":6,""subteamPlacement"":0,""summoner1Casts"":5,""summoner1Id"":6,""summoner2Casts"":3,""summoner2Id"":4,""summone'"
456,"b'rId"":""pOOy9hDx1l9ljwEP25s4IReJJQpdRR1DvSWzfD742KH7ZTQ"",""summonerLevel"":559,""summonerName"":""charIie be quiet"",""teamEarlySurrender'"
457,"b'ed"":false,""teamId"":200,""teamPosition"":""BOTTOM"",""timeCCingOthers"":3,""timePlayed"":1634,""totalAllyJungleMinionsKilled"":13,""totalDam'"
458,"b'ageDealt"":155159,""totalDamageDealtToChampions"":16023,""totalDamageShieldedOnTeammates"":0,""totalDamageTaken"":20494,""totalEnemyJung'"
459,"b'leMinionsKilled"":0,""totalHeal"":3641,""totalHealsOnTeammates"":0,""totalMinionsKilled"":211,""totalTimeCCDealt"":54,""totalTimeSpentDead'"
460,"b'"":159,""totalUnitsHealed"":1,""tripleKills"":0,""trueDamageDealt"":8444,""trueDamageDealtToChampions"":139,""trueDamageTaken"":677,""turret'"
461,"b'Kills"":3,""turretTakedowns"":3,""turretsLost"":8,""unrealKills"":0,""visionClearedPings"":0,""visionScore"":20,""visionWardsBoughtInGame"":2'"
462,"b',""wardsKilled"":15,""wardsPlaced"":7,""win"":false},{""allInPings"":0,""assistMePings"":3,""assists"":6,""baitPings"":0,""baronKills"":0,""basic'"
463,"b'Pings"":0,""bountyLevel"":0,""challenges"":{""12AssistStreakCount"":0,""abilityUses"":191,""acesBefore15Minutes"":0,""alliedJungleMonsterKil'"
464,"b'ls"":0,""baronTakedowns"":0,""blastConeOppositeOpponentCount"":0,""bountyGold"":0,""buffsStolen"":0,""completeSupportQuestInTime"":0,""contr'"
465,"b'olWardTimeCoverageInRiverOrEnemyHalf"":0.7446400006362616,""controlWardsPlaced"":11,""damagePerMinute"":307.31668698813127,""damageTak'"
466,"b'enOnTeamPercentage"":0.13315940493745784,""dancedWithRiftHerald"":0,""deathsByEnemyChamps"":7,""dodgeSkillShotsSmallWindow"":14,""double'"
467,"b'Aces"":0,""dragonTakedowns"":0,""earlyLaningPhaseGoldExpAdvantage"":0,""effectiveHealAndShielding"":1954.809814453125,""elderDragonKills'"
468,"b'WithOpposingSoul"":0,""elderDragonMultikills"":0,""enemyChampionImmobilizations"":11,""enemyJungleMonsterKills"":0,""epicMonsterKillsNea'"
469,"b'rEnemyJungler"":0,""epicMonsterKillsWithin30SecondsOfSpawn"":0,""epicMonsterSteals"":0,""epicMonsterStolenWithoutSmite"":0,""fasterSuppo'"
470,"b'rtQuestCompletion"":1,""firstTurretKilled"":0,""flawlessAces"":0,""fullTeamTakedown"":1,""gameLength"":1634.3969663999999,""getTakedownsIn'"
471,"b'AllLanesEarlyJungleAsLaner"":0,""goldPerMinute"":227.76890933240847,""hadOpenNexus"":0,""immobilizeAndKillWithAlly"":2,""initialBuffCoun'"
472,"b't"":0,""initialCrabCount"":0,""jungleCsBefore10Minutes"":0,""junglerTakedownsNearDamagedEpicMonster"":0,""kTurretsDestroyedBeforePlatesF'"
473,"b'all"":0,""kda"":0.8571428571428571,""killAfterHiddenWithAlly"":1,""killParticipation"":0.46153846153846156,""killedChampTookFullTeamDama'"
474,"b'geSurvived"":0,""killingSprees"":0,""killsNearEnemyTurret"":0,""killsOnOtherLanesEarlyJungleAsLaner"":0,""killsOnRecentlyHealedByAramPac'"
475,"b'k"":0,""killsUnderOwnTurret"":0,""killsWithHelpFromEpicMonster"":0,""knockEnemyIntoTeamAndKill"":0,""landSkillShotsEarlyGame"":7,""laneMin'"
476,"b'ionsFirst10Minutes"":3,""laningPhaseGoldExpAdvantage"":0,""legendaryCount"":0,""lostAnInhibitor"":0,""maxCsAdvantageOnLaneOpponent"":0,""m'"
477,"b'axKillDeficit"":0,""maxLevelLeadLaneOpponent"":1,""mejaisFullStackInTime"":0,""moreEnemyJungleThanOpponent"":0,""multiKillOneSpell"":0,""m'"
478,"b'ultiTurretRiftHeraldCount"":1,""multikills"":0,""multikillsAfterAggressiveFlash"":0,""mythicItemUsed"":2065,""outerTurretExecutesBefore1'"
479,"b'0Minutes"":0,""outnumberedKills"":0,""outnumberedNexusKill"":0,""perfectDragonSoulsTaken"":0,""perfectGame"":0,""pickKillWithAlly"":6,""play'"
480,"b'edChampSelectPosition"":1,""poroExplosions"":0,""quickCleanse"":0,""quickFirstTurret"":0,""quickSoloKills"":0,""riftHeraldTakedowns"":1,""sa'"
481,"b'veAllyFromDeath"":0,""scuttleCrabKills"":0,""skillshotsDodged"":76,""skillshotsHit"":27,""snowballsHit"":0,""soloBaronKills"":0,""soloKills""'"
482,"b':0,""stealthWardsPlaced"":22,""survivedSingleDigitHpCount"":0,""survivedThreeImmobilizesInFight"":0,""takedownOnFirstTurret"":0,""takedow'"
483,"b'ns"":6,""takedownsAfterGainingLevelAdvantage"":0,""takedownsBeforeJungleMinionSpawn"":0,""takedownsFirstXMinutes"":1,""takedownsInAlcove'"
484,"b'"":0,""takedownsInEnemyFountain"":0,""teamBaronKills"":0,""teamDamagePercentage"":0.11137517700953498,""teamElderDragonKills"":0,""teamRif'"
485,"b'tHeraldKills"":2,""tookLargeDamageSurvived"":0,""turretPlatesTaken"":0,""turretTakedowns"":1,""turretsTakenWithRiftHerald"":10,""twentyMin'"
486,"b'ionsIn3SecondsCount"":0,""twoWardsOneSweeperCount"":1,""unseenRecalls"":0,""visionScoreAdvantageLaneOpponent"":-0.14761823415756226,""vi'"
487,"b'sionScorePerMinute"":2.4812299090121885,""wardTakedowns"":6,""wardTakedownsBefore20M"":5,""wardsGuarded"":0},""champExperience"":6355,""ch'"
488,"b'ampLevel"":10,""championId"":43,""championName"":""Karma"",""championTransform"":0,""commandPings"":11,""consumablesPurchased"":14,""damageDea'"
489,"b'ltToBuildings"":146,""damageDealtToObjectives"":1538,""damageDealtToTurrets"":146,""damageSelfMitigated"":9024,""dangerPings"":0,""deaths""'"
490,"b':7,""detectorWardsPlaced"":11,""doubleKills"":0,""dragonKills"":0,""eligibleForProgression"":true,""enemyMissingPings"":2,""enemyVisionPing'"
491,"b's"":0,""firstBloodAssist"":true,""firstBloodKill"":false,""firstTowerAssist"":false,""firstTowerKill"":false,""gameEndedInEarlySurrender"":'"
492,"b'false,""gameEndedInSurrender"":false,""getBackPings"":0,""goldEarned"":6204,""goldSpent"":5850,""holdPings"":0,""individualPosition"":""UTILI'"
493,"b'TY"",""inhibitorKills"":0,""inhibitorTakedowns"":0,""inhibitorsLost"":1,""item0"":3853,""item1"":2065,""item2"":2055,""item3"":3158,""item4"":391'"
494,"b'6,""item5"":1004,""item6"":3364,""itemsPurchased"":24,""killingSprees"":0,""kills"":0,""lane"":""BOTTOM"",""largestCriticalStrike"":0,""largestKi'"
495,"b'llingSpree"":0,""largestMultiKill"":0,""longestTimeSpentLiving"":375,""magicDamageDealt"":16847,""magicDamageDealtToChampions"":7265,""mag'"
496,"b'icDamageTaken"":8653,""needVisionPings"":0,""neutralMinionsKilled"":0,""nexusKills"":0,""nexusLost"":1,""nexusTakedowns"":0,""objectivesStol'"
497,"b'en"":0,""objectivesStolenAssists"":0,""onMyWayPings"":2,""participantId"":10,""pentaKills"":0,""perks"":{""statPerks"":{""defense"":5002,""flex""'"
498,"b':5008,""offense"":5008},""styles"":[{""description"":""primaryStyle"",""selections"":[{""perk"":8214,""var1"":636,""var2"":145,""var3"":0},{""perk""'"
499,"b':8226,""var1"":250,""var2"":220,""var3"":0},{""perk"":8210,""var1"":0,""var2"":0,""var3"":0},{""perk"":8237,""var1"":438,""var2"":0,""var3"":0}],""styl'"
500,"b'e"":8200},{""description"":""subStyle"",""selections"":[{""perk"":8473,""var1"":692,""var2"":0,""var3"":0},{""perk"":8453,""var1"":296,""var2"":1002,'"
501,"b'""var3"":0}],""style"":8400}]},""physicalDamageDealt"":3437,""physicalDamageDealtToChampions"":1106,""physicalDamageTaken"":7026,""placemen'"
502,"b't"":0,""playerAugment1"":0,""playerAugment2"":0,""playerAugment3"":0,""playerAugment4"":0,""playerSubteamId"":0,""profileIcon"":3851,""pushPin'"
503,"b'gs"":0,""puuid"":""iHvVTJFzVNfaas0kpjoQWXBYNEimzx3tlOSoUfrUjGT1fjE00t9NzXwaGClSmrHeqS7Y-gSLMA0yHQ"",""quadraKills"":0,""riotIdName"":"""",""'"
504,"b'riotIdTagline"":"""",""role"":""SOLO"",""sightWardsBoughtInGame"":0,""spell1Casts"":58,""spell2Casts"":21,""spell3Casts"":89,""spell4Casts"":23,""'"
505,"b'subteamPlacement"":0,""summoner1Casts"":4,""summoner1Id"":3,""summoner2Casts"":4,""summoner2Id"":4,""summonerId"":""8APmVlVSWD_AhbCLvSO7xTEC'"
506,"b'eYSzyKbAhl79sBYF3AYWTK8"",""summonerLevel"":597,""summonerName"":""\xeb\x9d\xbc\xeb\x94\x98\xea\xb5\xac\xea\xb5\xac"",""teamEarlySurrendered"":false,""teamId"":200,""teamPositi'"
507,"b'on"":""UTILITY"",""timeCCingOthers"":25,""timePlayed"":1634,""totalAllyJungleMinionsKilled"":0,""totalDamageDealt"":20285,""totalDamageDealt'"
508,"b'ToChampions"":8371,""totalDamageShieldedOnTeammates"":1954,""totalDamageTaken"":15906,""totalEnemyJungleMinionsKilled"":0,""totalHeal"":1'"
509,"b'874,""totalHealsOnTeammates"":0,""totalMinionsKilled"":16,""totalTimeCCDealt"":146,""totalTimeSpentDead"":194,""totalUnitsHealed"":1,""trip'"
510,"b'leKills"":0,""trueDamageDealt"":0,""trueDamageDealtToChampions"":0,""trueDamageTaken"":227,""turretKills"":0,""turretTakedowns"":1,""turrets'"
511,"b'Lost"":8,""unrealKills"":0,""visionClearedPings"":0,""visionScore"":67,""visionWardsBoughtInGame"":12,""wardsKilled"":6,""wardsPlaced"":33,""w'"
512,"b'in"":false}],""platformId"":""KR"",""queueId"":420,""teams"":[{""bans"":[{""championId"":526,""pickTurn"":1},{""championId"":950,""pickTurn"":2},{""'"
513,"b'championId"":69,""pickTurn"":3},{""championId"":30,""pickTurn"":4},{""championId"":711,""pickTurn"":5}],""objectives"":{""baron"":{""first"":true'"
514,"b',""kills"":1},""champion"":{""first"":false,""kills"":30},""dragon"":{""first"":true,""kills"":4},""inhibitor"":{""first"":true,""kills"":1},""riftHe'"
515,"b'rald"":{""first"":false,""kills"":0},""tower"":{""first"":true,""kills"":8}},""teamId"":100,""win"":true},{""bans"":[{""championId"":777,""pickTurn""'"
516,"b':6},{""championId"":518,""pickTurn"":7},{""championId"":360,""pickTurn"":8},{""championId"":76,""pickTurn"":9},{""championId"":133,""pickTurn"":'"
517,"b'10}],""objectives"":{""baron"":{""first"":false,""kills"":0},""champion"":{""first"":true,""kills"":13},""dragon"":{""first"":false,""kills"":0},""in'"
518,"b'hibitor"":{""first"":false,""kills"":0},""riftHerald"":{""first"":true,""kills"":2},""tower"":{""first"":false,""kills"":5}},""teamId"":200,""win"":f'"
519,"b'alse}],""tournamentCode"":""""}}'"
